-- phpMyAdmin SQL Dump
-- version 5.2.1
-- https://www.phpmyadmin.net/
--
-- Host: 127.0.0.1
-- Generation Time: Jul 21, 2025 at 05:53 PM
-- Server version: 10.4.32-MariaDB
-- PHP Version: 8.2.12

SET SQL_MODE = "NO_AUTO_VALUE_ON_ZERO";
START TRANSACTION;
SET time_zone = "+00:00";


/*!40101 SET @OLD_CHARACTER_SET_CLIENT=@@CHARACTER_SET_CLIENT */;
/*!40101 SET @OLD_CHARACTER_SET_RESULTS=@@CHARACTER_SET_RESULTS */;
/*!40101 SET @OLD_COLLATION_CONNECTION=@@COLLATION_CONNECTION */;
/*!40101 SET NAMES utf8mb4 */;

--
-- Database: `ujianapp`
--

-- --------------------------------------------------------

--
-- Table structure for table `accounts_augmentedface`
--

CREATE TABLE `accounts_augmentedface` (
  `id` bigint(20) NOT NULL,
  `image` varchar(100) NOT NULL,
  `augment_type` varchar(50) DEFAULT NULL,
  `user_face_id` bigint(20) NOT NULL
) ENGINE=InnoDB DEFAULT CHARSET=utf8mb4 COLLATE=utf8mb4_general_ci;

-- --------------------------------------------------------

--
-- Table structure for table `accounts_facetestimage`
--

CREATE TABLE `accounts_facetestimage` (
  `id` bigint(20) NOT NULL,
  `image` varchar(100) NOT NULL,
  `encoding` longblob DEFAULT NULL,
  `uploaded_at` datetime(6) NOT NULL,
  `user_id` bigint(20) NOT NULL
) ENGINE=InnoDB DEFAULT CHARSET=utf8mb4 COLLATE=utf8mb4_general_ci;

--
-- Dumping data for table `accounts_facetestimage`
--

INSERT INTO `accounts_facetestimage` (`id`, `image`, `encoding`, `uploaded_at`, `user_id`) VALUES
(9, 'face_tests\\rafi\\test_0e83e7f7.jpg', 0x000000201bfca6bf000000805f35a03f000000e0b758b13f000000e081a6b3bf00000040ce3698bf00000080843fa9bf000000c09a1c723f000000806242c5bf000000206d74c03f000000a048c4c1bf000000e0e9d3d03f000000c09129a1bf00000060be27c3bf000000e0ff92b8bf000000c097ea7f3f000000e01dd7c03f0000004072a5c7bf000000405975c0bf000000e0e71ca5bf000000c0436599bf000000606ea6a63f000000409a89b0bf000000206b187bbf000000800bff893f0000004012efb3bf000000a0da8ad4bf000000e0d2a4bebf000000a00027b9bf000000607df7b13f000000600ef6adbf00000020b5bd97bf0000000014158a3f00000080204bcbbf000000801839a2bf000000a051188cbf00000080194eb63f00000080e03b8e3f0000002018ddb1bf00000040b0c3c83f0000002071f192bf000000804b59c6bf0000008080f98b3f00000080827799bf00000040c62bcc3f000000401ecfc53f000000c00ba67b3f000000805b1ba53f0000008016f5b9bf000000a0b4bbba3f000000a03a61cabf0000004020bdaf3f000000007033a23f000000c09c09b83f000000204e58983f00000020cf9e90bf000000e0983dc3bf00000040683a743f000000200f95a53f00000020d0a7bebf000000801668a43f00000020ad98a63f00000000b1a4bebf000000009b2eb1bf000000807c359cbf000000407a2fd03f00000060c7f5b53f000000c0cfb2babf000000a08b0ac2bf000000c07243c23f00000080e5f9bcbf000000800956a8bf00000000fcb29e3f000000c00fc6c2bf000000a0c409bebf00000060095ed4bf000000008311a13f000000e058e0db3f00000000cfe6a43f00000020fd17cebf0000006006ea9a3f000000809ba6bebf000000e0a89e9c3f000000000d3fc53f0000008020ecc03f000000e01748953f000000c0dadba53f00000000d9acbabf00000040f33db03f00000060d078ce3f000000e051a1bcbf000000408f5fb4bf00000000f30ec53f000000400c86afbf000000405749bf3f00000000ec4480bf00000020e70a843f000000005bec6d3f000000e03f36a13f00000060aae0bdbf000000c09ee262bf000000201fb4bd3f00000080f214a23f000000a092409bbf000000a0016fc43f00000060568ac8bf00000040450cbc3f000000807dbc8d3f000000a077738ebf00000040f197b33f00000020e035a4bf000000c0bad5b6bf0000002072d4b1bf00000040870ac23f00000000339bcfbf000000e00a8ac83f000000e09f00ce3f00000080e726903f000000a064cab93f000000207ae7ad3f0000008026b38f3f000000600f589c3f000000c0845a92bf000000e07d63d0bf000000404228943f00000000f88cb23f000000204a7d973f000000e0a155a43f000000e0facf7bbf, '2025-05-19 14:08:29.850128', 2),
(10, 'face_tests\\ihsan\\test_0bec18f7.jpg', 0x00000040ee21a8bf00000000e685bb3f00000040545d753f00000040cfb2b6bf000000e0d39eb1bf000000806504833f000000408d85a0bf000000c08d08c3bf000000801459c13f000000a00996c3bf00000060231bd03f000000a0c57aa2bf000000404647ccbf000000a0186abfbf000000c0fb2f86bf000000c0c038c63f000000409152c3bf000000c0c10eb9bf000000200d23b3bf00000080ec52a5bf00000060b5606a3f0000008071cb96bf00000060854fa73f000000e0bad5b13f000000800c2cbabf000000a0efb5d8bf00000080f557b9bf000000c0f93cbdbf000000a0f68f833f000000a03c60b2bf000000c0814f9bbf000000a03e54ae3f00000080d92bbebf0000006067d88e3f00000060211991bf000000a03c11ac3f000000002e5bafbf000000401d20babf00000000717ec93f00000080d48866bf000000409b53c5bf000000c0145993bf00000080f71072bf000000e04adbcf3f00000080bec1c53f00000020b49d90bf000000407b6db43f000000606c70a5bf000000a0a453b93f00000000218ec7bf000000205abba43f000000e0c8d3b03f000000e04eb4b03f0000000038d1943f00000080354c71bf00000040df18bdbf0000000076f9883f000000e0a8c6c03f00000080636bcabf000000e0d1f5963f000000207d16ac3f00000000f0fbc4bf00000000a037c1bf000000e0c1509abf00000000ce0cce3f00000000c146c63f000000204156c1bf000000c031c5c1bf000000400bd1c43f00000080a59ec3bf000000e08ecf92bf000000403dec7fbf00000020f5c1c6bf00000060fdf6c7bf000000e01e69d0bf00000060db41b83f000000e0c73dd73f0000006097b9c43f00000040925dc0bf00000060c49f80bf000000c04d3567bf000000a0813ca13f000000403d06be3f000000605751c23f000000809ab0aebf0000008014fdafbf00000040698aafbf000000806f16b63f000000e09ffdc23f000000e0984db0bf0000006000dcb3bf000000c0442aca3f00000080e021a9bf0000004022aeaa3f000000c0ef0997bf00000060e26588bf000000403d82a8bf0000006035eaae3f000000c082e3b1bf000000000a61b23f00000000b4c7ba3f00000080c15baabf00000040000a943f000000401c31ba3f000000a02e51bfbf00000020025fbb3f0000004044469cbf00000080068f72bf000000c0d190b63f0000004030a38ebf000000c0879ec0bf00000040cd2eb7bf000000a00830c23f000000206183c9bf00000000ee22c73f000000205664ca3f000000e012b3b73f000000e08189c13f0000000084b8bb3f00000000c5f8ab3f000000603015b13f000000e0e17ca1bf0000006035b7cebf000000e0363480bf000000800fb4c03f00000080058b90bf00000040124eaf3f00000080591aa0bf, '2025-05-19 14:08:58.157976', 3),
(11, 'face_tests\\ananta\\test_f06d8242.jpg', 0x000000604e94c7bf000000e04cb4bf3f00000000d0f1bc3f000000e0d9548fbf00000040ddada8bf00000080c34eaabf00000040d8a594bf0000000022cbb8bf000000e0a444c13f0000008011d6babf000000206eeed13f000000608a41bfbf000000608e50d1bf000000a0a3c5aebf000000802cb0a03f000000209500c63f000000606121b7bf000000607335a8bf000000609df8b0bf000000001f41a3bf00000080958fb53f00000060759c8b3f00000040e934b13f000000009d40ba3f000000809172a7bf00000060565bdabf00000080ec20babf000000802559bdbf000000c035abaebf00000040da0fb3bf00000020c2c0a9bf000000a09e35803f000000606ab2c1bf00000020e014aabf00000040ae5a9ebf00000020e85fa93f0000006050dbb3bf000000606655aebf000000004423c63f000000407bbd9cbf00000020fbc7c4bf000000c091b782bf000000c03cf0a13f000000800948ce3f000000806a8cb83f000000a01b46a63f000000008abaa53f00000080fcc3b1bf000000c0aaef7abf000000a09543c5bf00000060f265b13f0000000021d8b73f000000a01959bd3f000000801075983f000000806445c13f000000007a0bcabf0000008033136ebf000000005cfca63f000000206593c4bf000000009a35a93f00000060a128a93f00000080b1de8bbf00000080b71e91bf00000000e0f5aabf000000407bd0d23f00000060520fc13f000000c0a9d9c3bf000000601b1db5bf00000000218ebf3f000000003954b0bf00000020ef3a953f0000006017d0b73f0000008080c1c4bf0000008085e1cebf000000802f4ecdbf00000040ecc7b73f00000020e783db3f000000005645b73f000000a0bfebcebf000000c03b8fabbf00000000f252bcbf0000008052ecabbf000000c0cc72b53f0000008037e1bc3f00000000eca49fbf000000c02fb195bf00000020be97bbbf00000000285da03f00000000b784b73f000000a087c2a0bf00000080961cb4bf00000000fcf2cd3f000000005792903f00000000ff03943f000000608b67713f000000401c1f533f000000a0cee4b9bf000000007c647f3f000000401b22c1bf00000080a73380bf000000a0301583bf000000201875b7bf000000e0ce30b5bf00000060db4aa83f000000c07f62c5bf00000000ba22b83f0000002021deac3f000000409250aabf000000a09719b0bf000000809e6ab33f000000e07f89c8bf0000006054e89ebf000000001a27bc3f000000c0c3bcd2bf000000c058fbc33f000000402c40c43f000000e03670b13f00000080c7bdc63f000000a0e1c8ad3f000000a04786b43f00000000c214a93f000000e0446598bf000000a036e6c2bf0000002080a398bf000000c0b614bc3f000000c0bb0f853f00000080ae0eaf3f00000080def6a53f, '2025-05-19 14:09:10.585845', 4),
(12, 'face_tests\\chandra\\test_f82f638f.jpg', 0x00000080affabfbf000000c0a142c13f00000040f7b5a53f00000020109ba3bf000000003755b2bf000000807ca0b5bf000000004c35a4bf00000040d05bc3bf00000060d85cb93f00000000ca3ea8bf000000202c34d13f000000c025fdbcbf00000020f74fc9bf000000e07a24c2bf000000407b53acbf000000209cedc83f000000809ff5c8bf00000080a37fa1bf00000080e3e8abbf000000807ca8993f000000e0f116b63f00000000ad2580bf000000200bf2b83f00000000c49e703f000000e0828491bf000000800586d7bf000000e027e1bcbf000000409493b5bf00000040b9349c3f000000609de3adbf0000004000b986bf00000020b0179dbf0000006058d9c7bf00000000ef34b7bf00000080f20f75bf00000000b4f47d3f000000208181a8bf000000603a75b3bf0000008067b0c43f000000c05de396bf000000c00cbfc8bf000000a049ca96bf000000002b79ae3f00000020aa3dcc3f000000e03130c53f000000a0c255b23f00000000dcefa33f00000040a0e7cabf00000060c705b03f000000c02be1bfbf000000c0335eb43f000000608c01b53f00000020d6b5b23f00000000f033a13f00000000e448a23f00000060ab09b5bf00000080ff65a93f000000c01738b83f0000006085a4c6bf000000c0dd0a7c3f0000006088ccc63f000000c0ef50803f00000060e31ab3bf000000c091a2bcbf00000000ee31d03f000000605463b73f00000020b31ec2bf0000004048e3c0bf00000000a3fdbb3f000000e0fca7babf000000209fb3adbf000000c01daea63f000000c0ab1bb9bf000000804652cbbf000000e01674d4bf00000000972d913f00000080d9b0d73f000000c0842dc03f00000020daf7cabf000000804b2da7bf000000a086dcb3bf00000000027a513f00000040771bc63f00000060e9a9c43f00000040166c98bf000000608d3f8c3f000000c048b9b3bf000000c0169b90bf000000008b71c03f00000080a9e6b5bf00000020075eb0bf00000000f3bdcb3f0000000057b7573f000000a0ce8ea03f0000006014c58abf000000a0dc76993f000000408cb4b0bf0000008086d5b23f00000000a740bfbf000000002c90253f000000e082a3b13f000000e0587ba4bf000000209e8c95bf000000c01a79b33f000000401bcbbdbf000000c0aadfc03f000000c07d63a43f0000004006f48d3f000000406e2ca33f000000205942b4bf000000207847b7bf000000a0b031a5bf000000609a84bb3f000000c0f3e3ccbf000000000735cb3f0000004025bac23f000000e0f4e3af3f000000a0dea3c13f00000060b194bc3f000000c0a006c23f0000000005fd83bf0000008061e3a0bf000000200eebc7bf000000e0f61b70bf000000004df7b83f00000000851992bf000000e02bccbd3f00000000f3c44dbf, '2025-05-19 14:09:24.032982', 5),
(13, 'face_tests\\cia\\test_2901ee04.jpg', 0x00000060b7ecc0bf000000c0470bbe3f000000000e92973f00000020c6c1a8bf0000004090dbc4bf000000803942b3bf00000000ea7f9abf00000080cd33c6bf000000e06bb0b83f00000080a729b5bf000000005c0fce3f000000e07707b2bf000000e08dfac9bf000000c073dcc2bf00000000ba9779bf0000000024dcc63f000000e0e37bc0bf00000080774bc3bf00000020de66aabf000000007a5f953f000000401388b83f0000004073ad9dbf000000e0763a9a3f000000a04b209c3f000000c083e8aebf000000a04ab1d7bf00000080b52fb6bf0000000068f7b1bf000000803a5785bf000000404863a8bf00000000fdb7b5bf000000c06077a83f000000e0c20bcebf000000c02bd8bcbf000000000e79643f00000020c5a3b53f00000060f18d85bf000000c048f4acbf00000020b305c23f00000000c4f83bbf000000e06c8acabf000000c048a167bf000000e08e15a93f000000e09da0c93f000000a05320c23f0000002002bcac3f000000c0a724ad3f000000c02021c0bf00000040e18cba3f00000080fe56c5bf00000000efa3a43f0000006009ecbf3f000000001aebb03f000000007ce3933f000000805b4d8c3f000000806624c3bf00000000568ca53f00000080a552a63f000000c040a3bebf000000801da44d3f00000060940eba3f000000606be8a9bf00000000b6c5babf00000060963cbebf000000405747d13f000000a07a67b53f00000040253ab1bf00000080cf8dc1bf00000000e7c7c13f0000002040acb4bf00000000366bb8bf000000c01651693f000000009118c7bf0000004050e1c3bf000000600a54d3bf00000000350ea63f000000c0eeb7d73f000000605cc2b53f000000800fbccdbf000000e006ed8d3f00000020bb95b7bf000000c068dba33f0000008001fdbc3f000000604196b93f000000804c978c3f000000405165a63f000000204654c2bf0000000086175b3f000000a0bc56ca3f000000800352bdbf000000800d456e3f000000205622ce3f000000005590923f00000040c0f1b53f00000080f2e9993f000000a0743d8e3f000000e06d9aabbf00000060f624a13f00000000ac89bebf000000404dd391bf00000020ec33c03f0000002007a4b1bf000000c0a49aa1bf000000602b0bc13f000000c07066c5bf000000c099aaac3f000000004e0f8bbf000000c005faa93f000000606e4f903f000000203f6cabbf000000e03c30b6bf000000c08b65bcbf000000c046a1b23f000000c07c76c4bf000000604e0ecc3f000000e0120ac93f0000004051b65fbf00000040b339ba3f000000804e98b93f000000200deab83f000000c0f0487dbf00000020c01080bf000000c00fdac8bf000000a037bda6bf000000e0461fc03f00000040e78b613f000000809f7373bf000000c061539d3f, '2025-05-19 14:09:37.790009', 6),
(14, 'face_tests\\dzakwan\\test_dc3b990e.jpg', 0x000000a0da00b7bf000000e0314bb73f000000e0615bae3f00000020fe16a5bf000000c00d6098bf000000a0818f9cbf000000a03048c1bf0000008097a5c6bf00000040793dc33f00000020c396a6bf000000802b7ccf3f000000c053e67f3f000000c05841c2bf000000e06fb0c2bf000000609b1c783f0000004071d2c33f000000e05ed4cebf0000004013f1b9bf000000208140b03f000000a024efa7bf00000040da5daf3f00000000ed09a8bf000000e023cfa23f000000608904b13f000000804ac6c3bf00000060d4abd6bf00000060dc21adbf000000603ce2c3bf000000e01db7a63f00000080e207a8bf0000000036a8b2bf0000000003977dbf000000608b20ccbf000000e00c5d8d3f00000020bb7a873f00000060f920c13f000000204faf803f000000c0de1d86bf000000008117c13f000000804093a73f00000040baa7c6bf000000a028c6983f0000000025cc9ebf00000040fd67ca3f00000000c29cc93f00000000ed5aa63f000000c09f62ac3f000000602428c6bf000000609271c23f000000401238c4bf0000006029d0bd3f000000802a20c23f000000802a50b63f00000000ab779c3f000000c055bb91bf000000006f85c7bf000000c0fc0b98bf000000c0456db33f000000e03e2ac6bf00000020e4c6b23f000000a0f98dbf3f000000c0c268763f00000060be3bb3bf000000c0cf36aebf00000020cc60cd3f00000060dc6cc33f000000a0535ac4bf000000405fb8c3bf00000080efe2b53f000000207c63b9bf00000000f8ebb4bf000000e0c45ea23f00000080f436c0bf000000e07f13cdbf000000e080fbd3bf00000040fc4bb13f00000080b307da3f000000a0c410c03f000000e0fd63d2bf00000000aeb19fbf000000e02d50c2bf000000a0a89e863f0000004063eec33f000000001611ba3f00000060ef1e95bf00000000e3a7a13f0000004072eab7bf00000020129f97bf000000e0e00fc73f0000004099c49abf000000e01ae589bf000000604e13cc3f000000a0d8f8a6bf000000607bf5c03f0000004096eda3bf000000605df2ad3f000000005394bcbf000000605835b43f000000006bf3c3bf00000040719cbebf000000e02ff58c3f000000605ebe883f0000006051509b3f000000c0ff2bbb3f00000060a691ccbf000000a06e0cc73f000000c01207b23f0000000098a841bf00000040a6e9b03f000000a00f14a63f00000080dcddc0bf000000e02169b6bf000000203163c33f000000000e62d0bf000000807bf3cf3f00000080f0beca3f00000040e7f5c33f000000606281c53f000000e07d07c13f000000e04790b73f000000c0707d92bf00000060aa87adbf000000a0f1abc6bf000000c0d21ea23f00000080f834a53f00000020526993bf000000603c10a23f000000203fc87b3f, '2025-05-19 14:09:57.356989', 7),
(15, 'face_tests\\fanza\\test_c61e7064.jpg', 0x000000606a439dbf000000a03269c23f000000c08221ae3f0000006065e0a63f00000020f6fba6bf000000c06081a5bf00000080fde6b3bf000000a078f3bcbf000000a0d427c13f000000c0fa7892bf000000806cb2cd3f00000000b44c7bbf000000606340c0bf000000c08662c2bf000000a03d33a3bf00000020fcaec83f000000a0e43fc6bf00000080cd71c4bf000000a0de5a88bf000000a0d097b0bf000000e089f8b63f00000080030f903f00000080c3cf983f000000005d42583f00000060ee98c5bf00000000030dd6bf000000609db9b3bf000000005067b8bf00000080a7f5a53f000000c05f4fb0bf000000608b9b763f00000020b3e8a53f00000080e271c5bf000000c0a506a5bf000000e0be1aae3f00000060d198bf3f000000e074f2a3bf000000008ca4acbf000000e0ef0fc93f00000080c547a0bf000000801437c5bf000000a0722fb23f0000004079e8a83f000000a0da84d13f000000a0d512d03f000000400d839c3f00000000719ab33f000000c0415cc0bf000000c03595ab3f000000c0bd3cc1bf0000008009ffaf3f00000020fc14c23f000000000341b13f00000060db9ebd3f000000c0dac5923f00000040c4dfbebf00000000728d783f000000a080c2bd3f000000a0b11dc1bf000000e0056168bf00000040b6d6aa3f000000a0926da7bf000000c06dd474bf000000a0b83aa5bf0000002054b2ce3f00000060beb6b23f00000040de62b6bf00000060c7a4c3bf000000408699c23f000000c0f832c5bf000000c0b721c0bf0000006063ef803f000000a06b14c1bf00000080ed53c2bf00000060053dd5bf000000c06de5913f000000204e1edd3f000000c0159eb43f0000000097a9cfbf00000020a1a3b03f000000e05922923f00000000ecc23e3f00000060442bc33f00000040f1c1c13f000000a0e44fa4bf00000080320392bf0000006045f5b6bf00000040b3518c3f000000e05c4fcf3f00000060e9f790bf00000000aebfb1bf0000004044bcc23f00000040c22183bf00000080a5f1b33f00000040848aaf3f000000c00011633f000000c0c5c27abf000000e0d98fb83f000000c065d5bcbf000000007d629abf000000a0da95913f00000020b4129dbf00000060af3d793f000000009ca4c13f000000e0e445c0bf00000060b1a6c43f000000a01685a13f000000a026b2ae3f0000008047cd9c3f000000401db8b23f000000807f88b8bf000000806cb8a5bf000000200906c73f00000060919cccbf000000e03e3bd03f00000080d59fc73f0000006019668f3f00000080daf6c03f000000404136ba3f00000000c196c33f000000203a6d8abf0000000093c364bf000000c0622eccbf000000c018118a3f00000060ecc48a3f0000000057b9a4bf00000080c479ba3f000000a01b62b03f, '2025-05-19 14:10:10.081408', 8),
(16, 'face_tests\\ivan\\test_933837bd.jpg', 0x00000060b302afbf0000008023e9bd3f00000040459b9d3f000000a039109c3f000000a074a9a2bf000000a0d937abbf000000802d37aebf000000a0c72fa7bf000000809ccab63f000000a08f4db2bf000000c08b20cf3f0000008012178ebf000000a03c45d0bf000000600c13aabf00000040b9b4843f00000000c854c13f000000a05f54c0bf00000060431ea8bf000000008a2ac9bf000000008da8c1bf000000c074bb843f00000060f9a1a33f00000080d9715c3f000000c09ab5a1bf00000040eababbbf00000080c35ed1bf000000402c96b6bf000000a07a48babf0000002059fab03f000000c014d3c1bf00000060df58a63f000000a023bf993f000000608e74c0bf00000080a93da0bf000000808b339c3f000000606100a73f000000008df2863f000000200725a4bf000000c06598c73f000000c02d108cbf000000c099d3c1bf000000a0e44c94bf00000080fc3a9b3f00000060a95bd13f00000060efeac93f00000020ea088c3f000000e027cc9b3f000000a062acabbf000000003361a73f000000001c6ecfbf0000000076d1893f000000608b1fbc3f0000004024c7b13f00000040d9f2bc3f00000060efafae3f000000e0813bc4bf00000040b3cd853f00000020e152be3f000000e06586c1bf00000000ed1c873f000000803b4db03f000000005f80c3bf000000201124b7bf000000405082abbf00000040ad8dca3f000000200030b33f00000020e339bdbf00000020968bc2bf000000e0c75cc13f0000004055b6c5bf000000009a75753f00000060608fb53f000000209477b6bf000000e03be8c0bf000000e0191fd1bf000000e025a3b43f000000a0424ada3f00000000ccd0c03f00000080e8bac2bf000000a018539d3f000000806475b6bf00000000ad35aabf00000040c26d9e3f000000e0d735a33f000000c02afeb0bf000000a0e3a5a3bf000000409459b0bf00000080d195b73f00000060cf49c83f00000060c3fcb4bf000000e0bd59a33f000000e0258cc43f00000040c999a9bf00000000cc04523f000000405a9382bf000000e00753663f00000000499db8bf00000080b40c8fbf00000000af9d8bbf000000005108873f000000e0deffb73f00000060ef25c5bf0000000078a4a63f00000040834eb13f000000e0b435c3bf000000e02d5dc13f000000e0b2d292bf0000000029d792bf000000605cadad3f000000601063993f000000c08b5da6bf00000040cf20a3bf000000606791cd3f000000c042dfccbf00000000d050cc3f000000404188cb3f0000006055c790bf000000c0d405bf3f00000000b58aa83f00000080f141c63f00000040c36aa8bf00000040efdb8c3f000000e0db07c6bf000000c08ba1aebf000000a0fbd097bf0000006072a683bf000000000c4f7dbf00000080896284bf, '2025-05-19 14:10:34.732073', 9),
(17, 'face_tests\\komang\\test_e5546b62.jpg', 0x000000405613a2bf000000605cbfb83f000000c02ed3993f0000000057759fbf00000040ad64a63f00000080b26c583f000000c0d7a493bf000000a03bebbabf00000020954cc43f000000003b86bbbf00000080fb59cf3f000000c03d3a88bf00000060b612c2bf000000c04adcc0bf000000c0a160b03f000000408c98b83f000000607e55c5bf000000804e2eb4bf00000060e2d9a9bf00000080828bb2bf00000060dfb4aabf000000206b2c983f000000003396ad3f00000080b13baa3f000000c0fbe8b1bf00000080fc70d6bf000000e00797b3bf000000a091afc1bf000000002f9ec13f000000a0fb9db1bf00000040a3afb4bf000000609743903f000000200946ccbf00000000e0845bbf00000060a42b943f00000000df88a23f000000c002cc7d3f0000002056e291bf000000a08b47ce3f000000a0abd99a3f00000060aa1ec0bf000000408a949cbf0000000095818b3f000000c01f27d03f000000206b50be3f00000000a17a79bf00000080777b843f000000c0bdd0abbf00000080e823b73f000000004532c3bf000000607e0bbe3f000000e041e7b33f00000080ec60c13f0000000080d3973f00000000e4dd903f00000000c8a9c9bf00000020750eb0bf000000409fcaa53f000000c0eaebc7bf000000005733b33f00000060d02b763f000000009094aabf000000c00d3dc7bf00000080860d95bf00000040ce81d23f000000c0bb37c33f00000040ebcac0bf000000a07422c9bf000000a0e811c93f00000080a2e1bbbf00000000b27a993f00000040977bb53f00000040e695b2bf000000a01bbdc2bf000000002a43cabf000000805927b83f000000a01300d73f000000a0bf64b93f00000040985acfbf000000409193b03f00000000ead2c3bf0000000073b3b0bf00000060ff23b33f000000e06ca7c03f000000c0869ca8bf000000c074c6b53f00000040985f99bf000000400e4fa73f000000a08a7cbf3f00000080324591bf000000401803b2bf00000040cd78c63f000000c0a6e1a6bf000000207dc8b43f00000000e1296ebf000000607e43a2bf0000008028ddaebf0000008092ea82bf00000080bb0ec5bf00000080b3fbacbf000000006dbab23f000000c08151a3bf0000008038fd9bbf000000e014ddbc3f000000e052f8cebf00000040043ac73f000000005226b63f0000008077fdb3bf0000000011e2bc3f000000604971b03f000000806ef5b2bf000000c07afab5bf000000409712c03f00000040e626d7bf000000403371cc3f000000e003f9c03f00000020225cb53f000000406298c93f000000e08d76a43f000000c0d8b3b63f00000080cb5db53f000000e0a016a1bf000000007cafcabf000000805d01a9bf000000c05b9eaf3f000000c012c799bf00000080506c903f000000204699913f, '2025-05-19 14:10:59.751178', 10),
(18, 'face_tests\\mahendra\\test_669be07f.jpg', 0x00000000bb5fbfbf000000c04f5bab3f00000020060cb13f000000a0623b71bf000000e05894b0bf000000c09ea0adbf000000804f6176bf000000e03d1db9bf000000c009b4c03f00000060d9cdc0bf0000008050a7cc3f000000a0fed19f3f000000604ac6d0bf00000080b02aa4bf000000c0c3ca9bbf00000000ad1fc63f00000080f8d7bbbf00000060c7ffbfbf000000203b4cc3bf000000a06127b9bf000000403a3572bf000000409ce7b03f000000c01b0b7e3f000000e064b592bf00000000c12ac0bf000000002cd7cfbf00000060c83bbabf0000000084d1b5bf000000005556aa3f000000403943b3bf00000060b378ac3f00000060e3f6bc3f0000008081afaebf00000080f546a53f00000000ff2ba93f000000207401ae3f000000006905a2bf000000a0a9a8b4bf000000e06a21d33f0000008046a98fbf0000000051c1c6bf000000a05f5e9dbf00000040ff8f9e3f000000809cc2d13f000000c07d36c33f00000000931faebf000000e06fbcab3f000000203e9fa6bf000000e00b20b23f000000805474d2bf000000a09429893f000000e09f35c03f000000801cdead3f00000080e509b53f000000602f1fb53f000000a035c9c9bf00000020ab79a53f000000e0e1d4c13f00000080f426c8bf000000803a95ae3f0000006004d9ab3f000000c01116c6bf000000c0aa1fb8bf000000a0695c9cbf000000400ad5c83f00000080b1f6be3f000000603cc3c1bf00000000c205c4bf0000002040fcc63f00000080675fc8bf00000080d3c8523f000000601efbbb3f000000e0289bc0bf000000c0d288c3bf000000a02eb4ccbf000000c0c4ba973f000000604495d93f000000a08a31c13f000000402e6cc0bf000000806caea73f00000000f7e29ebf000000204b19a4bf000000e0e333ac3f000000c01c39ac3f00000000ba1bbbbf000000c0c24ab2bf000000c0217db4bf0000008009319c3f0000000082d0ca3f00000040a9f471bf000000e043498cbf000000e0b15fcb3f000000a079f1943f00000080a75c7ebf00000080f35e8a3f000000a0709890bf000000c0135b98bf00000080785bafbf00000000dbf693bf000000a05798a73f000000a01314ab3f00000020b4fac6bf000000203643a03f000000e09d23b63f00000000ea0ec2bf000000405728c43f00000060ceaca6bf0000002034f69d3f000000c0c4ea993f00000020f7199b3f000000e09bd5b9bf00000040ef71693f00000020fdc7ca3f00000040b1bbccbf00000020433cca3f000000006d21c73f0000000024c4333f000000607515bc3f000000a0058fb23f0000008018eebe3f000000a00a6ea5bf000000a08fc3833f00000040f224c7bf000000203f90afbf000000609159973f000000401329b1bf000000003811a23f0000000034fda03f, '2025-05-19 14:11:19.676362', 11),
(19, 'face_tests\\marco\\test_fc953da3.jpg', 0x000000c0bb39bcbf000000c044939a3f0000002021f7a93f00000000332284bf000000c05e62aebf000000a07cb0aa3f00000000ebfe923f00000040b00dbfbf0000006009fbc53f0000002091c0c8bf000000a0570fd03f000000a03d64b8bf00000040cec9cdbf000000207159c0bf00000080282b8fbf00000040d5fec33f00000000215fb9bf00000040d67cc6bf0000008048bc9bbf00000000a01364bf00000000aae2b03f0000000096f3b2bf000000a0a868a2bf00000060efdcb63f000000e06450abbf000000c06c9ad8bf000000204b52b6bf000000808b46b6bf00000040eb4f773f000000c09269bbbf000000c09179b2bf000000e00356b63f000000c02e9cc7bf000000e04263823f00000040c864b4bf00000000b7b2b83f000000603f2a77bf000000a02f19b2bf00000040b106c73f00000020da378ebf000000206685cbbf000000000eeea9bf0000008066d6a7bf0000004083cdcf3f000000a04e3dc53f0000000049d83c3f000000000ea166bf000000001ef4aebf000000e03b55a43f00000060cd1ecebf00000000cd3da03f000000402857c13f000000a0d55cc13f000000c048709dbf000000a0e573a03f000000a00a2bcdbf00000060ba7785bf00000000f43054bf0000008007d2bbbf00000080f9bc773f00000000ef0d88bf00000040f721bbbf000000408873a3bf0000006079b7a8bf000000c09cfcce3f00000060f748b63f000000e01710b7bf00000020d10abebf0000002029dacb3f00000060ad9cc0bf0000008061e4853f000000c06a589c3f000000e0513ec3bf00000000de91cebf0000000096d0d1bf000000a05444b43f000000202426de3f0000002097ecc23f00000080f196d1bf000000e0ae5fb33f00000040f022bdbf00000060cb64963f000000e0c33ec33f000000406b8cc13f00000040a88592bf000000006cb5643f00000000ca7ac5bf000000a0b1898dbf00000080f17fc13f00000080cf91abbf000000c0736bafbf00000040aa24c53f00000000386098bf000000c05c47723f000000805b15b13f00000040edc99ebf000000a031948ebf000000c050b3ab3f00000080d4d0c3bf000000602bf393bf00000000fb7a9f3f000000609eccb6bf0000006061efa9bf00000000f252bb3f000000a0936ec9bf000000406a57bb3f00000000a5e3a03f00000020901ea7bf000000408f01a13f00000080c1e4863f000000e00ed1c5bf000000a015bcaabf000000e0276ec23f00000000a715d3bf000000600722ba3f000000c0befdc63f000000c0da1fa93f00000040ac80cd3f00000060ae2bc03f000000008396c43f0000008062b29e3f000000009a60a6bf000000805f87cbbf000000a091719dbf00000060df22b63f000000a01548933f000000a054398b3f000000206ea5a33f, '2025-05-19 14:11:54.088078', 12),
(20, 'face_tests\\nabiel\\test_58e6fdc1.jpg', 0x000000a0c7aab2bf000000803d4eb73f00000040dd95933f000000c05d139dbf000000c07af099bf000000c04e3eb4bf000000000a2a5fbf0000000076b5bfbf00000080c8f7b83f000000804925a1bf00000080362bd13f0000004058d8a5bf00000020a0d3c7bf00000020b123c5bf0000000080ecf33e000000603fd3c63f00000060895ec5bf00000020bab9bebf00000080fff8b5bf000000a0c396813f000000606c96bc3f000000c054626e3f0000008053d99f3f00000020ac61ac3f000000e0a5abb2bf000000c0867bd4bf00000060f415b6bf00000040ba2db3bf000000609a4982bf000000a0c524b2bf0000006065d2a8bf000000004c2fb33f000000a09401ccbf000000c0ed87b9bf000000801e589a3f000000c0eed2b53f00000080d2f8743f0000004041bda8bf000000e0b5e4cb3f000000e04dca83bf000000809b18c8bf000000c091baa73f00000040a9f4a83f000000603190d03f00000060d8e7c43f00000080862d9e3f00000040eb698e3f000000001a98b5bf000000a052b4b73f000000e038b2c2bf00000040ac21a73f000000e0ac47bf3f0000008052aac03f000000c0d917a73f00000040f7f57dbf000000a0c9ffbdbf000000a01a00a43f00000080dbaaa03f000000c0f256c2bf000000a06a29a3bf000000c0611eb33f00000020cffbb7bf000000a0b0f2b2bf000000205346b7bf000000e0c4aecb3f00000060528aa03f000000804c79bdbf000000a041ccbebf000000c025c4b83f000000a0bd00b3bf000000409a5fb0bf000000c0a022b13f000000205f26c7bf000000c0c150c4bf000000e0fb68d3bf00000040ea36a63f000000a062e7d93f00000060ff37ac3f00000040ad3ad2bf000000000f0b993f000000a0c26ca7bf000000408dd962bf00000080d200c53f000000007960c23f00000080e6f9a03f00000000b43ab03f000000804668c1bf00000020a27db03f000000a0f313c63f000000c08b25b3bf00000000d75ab1bf000000c015f0c93f0000008074c89c3f000000c0490abb3f000000a0dd09a03f000000c0ca60943f0000008032499b3f00000060d8a4a83f000000e0d1b3c1bf0000002069dea83f000000c0fb88b63f00000080fa13993f00000040e947abbf00000040407db93f00000020a314b2bf000000e084b9b73f00000080932fab3f00000080ab71a73f000000009eee653f000000e03b239dbf00000020c7b0bbbf000000c03144b8bf00000040380cb23f000000a02f4bcbbf000000209d63c53f000000805876c33f000000c04efaa2bf000000a0e40bb23f00000040752dad3f000000e05288bb3f000000a0fd6c8cbf00000000bd4296bf000000c08e0ad0bf0000008059c197bf000000204bf3c33f000000c00629953f00000080f627bb3f00000080e62c87bf, '2025-05-19 14:12:07.887086', 13),
(21, 'face_tests\\satrio\\test_d6db0619.jpg', 0x000000001a98babf000000201e61c63f000000608464a6bf0000000091f7b8bf000000a0cc34bdbf000000e0d183a1bf000000e07cada7bf000000009409c1bf000000807081c33f000000204a6eb1bf000000204a99cd3f00000000084c9cbf0000002074accabf00000020fe39b2bf000000802142a5bf00000080b0e8c13f000000e03c35d2bf000000006a92c0bf00000080d5fcaf3f000000807f5476bf00000020962abe3f000000a06cab9c3f0000004027eea13f00000060c829bc3f000000004906a3bf0000006000d4d5bf000000608421bebf000000a0e22dc1bf000000608a2db63f000000403480aabf000000002268503f00000080ca6c873f0000000059efccbf00000060b03eb2bf000000c08959933f00000040ad3d943f00000000c4d5a5bf00000000424ba6bf000000c0f547c33f00000060a80b823f00000020b1ddc1bf00000040530e923f000000e032fcac3f000000205205cd3f000000209c38bf3f000000c0f4e1b53f00000060dcfda13f000000802a4bc2bf000000c07d50a73f000000c003fdbfbf000000c002e0a73f000000608a05c53f000000e0ffaebe3f000000c0e28da33f0000002000f59abf000000a06a91c9bf00000040ba747f3f000000400841a63f000000206000cabf00000000e63db33f000000204a94b53f000000a0988f90bf00000060b5caa6bf000000608b54b1bf000000204aefd13f00000060c19bb33f000000e00498c1bf000000c0e475c7bf000000a09444c43f000000c09503c0bf00000060ac39bdbf0000008061a8b13f000000809118c1bf000000a057fcc6bf000000407091cbbf00000080efbda33f000000a07bf1d63f00000060c408b73f000000206a0fc0bf000000609078af3f000000403089b6bf000000c009d6a4bf000000809c4e903f00000060598bc33f0000004013bfaebf0000000011f66dbf000000e073a7b4bf000000c0f6d0a13f000000006025c03f000000c0d069a8bf000000606b77adbf000000800579cc3f0000004027e2a6bf000000400139bd3f00000040c67f8f3f000000408097ad3f0000000056fbb6bf000000407d39ad3f0000006048f4b7bf000000209b4d9dbf000000406cc1923f000000002e54b1bf000000c090b2adbf000000c03f48c13f000000400b06c0bf000000c0888fb93f000000c0273e8dbf0000002039a980bf00000060497da4bf00000060e647943f00000040c311bdbf000000405e32adbf000000a0944dbd3f00000020c884d0bf00000040732bd33f00000080f014c63f000000008307ac3f0000004048fec13f000000008b4eb63f000000609b1fb43f000000a09dc29c3f000000c004a8b3bf00000020798ecdbf000000c02ea7aabf00000060857cba3f00000000f300b2bf000000e0ab05ad3f000000a0ef747cbf, '2025-05-19 14:12:22.467095', 14),
(22, 'face_tests\\yeru\\test_856163d0.jpg', 0x000000000371b1bf000000007a25c43f000000c0873aae3f000000e049c587bf000000402a1ebdbf000000e0b6a7a1bf000000c0db69b4bf0000008007a7c3bf000000601f55ac3f00000060dd9ba9bf000000e0457dc83f000000a039c9c2bf00000060dc94c9bf000000401ed8a4bf00000040d253b0bf000000c01f3dc43f000000808c22c6bf000000607c7ebcbf000000c0224bb6bf000000c080f78bbf00000020ccb3b93f00000000465ba8bf000000606fe79dbf000000006858a53f000000601134aabf00000060f5ebd3bf000000c02b2ab8bf00000020be42b1bf000000200b4eb83f000000807b1494bf000000401f89b2bf00000040997e7dbf000000209b4ec6bf000000a03208a7bf000000c04bbf9e3f000000a01bddb63f00000060fd01863f000000e0c331b9bf000000e018ddc43f000000c0bdb0bcbf000000602d22cdbf000000a0dadaba3f00000020cdf1b63f000000a0ebe0ca3f000000e0c3a7c93f000000e0ea40b53f000000c0ca61a03f00000060a0a8c2bf000000a07ddcc33f00000040128cc2bf000000002b54ab3f000000209485c43f000000401641c13f00000040d597ab3f0000004087ab833f00000040a445c4bf0000008016f9a73f00000000764dc13f000000a096bfc0bf000000007d519c3f000000c0a729bd3f000000009a88b5bf000000802dfd88bf000000807159bebf000000e0b76cce3f000000c07b5dba3f000000a0278dbabf000000403ca5c5bf00000040ccd5be3f000000e08f1dc6bf000000c00657b2bf000000606719973f0000006039fdc2bf000000c0a5cfbebf000000c08946d5bf000000c033859a3f000000806696dd3f000000a05ff0be3f000000802151cfbf000000e051b9ab3f00000000c3b895bf000000a00edca43f000000c0a3e2c63f000000002b2cc43f000000007ec8b3bf00000040c5f994bf000000a073babebf0000002001849cbf000000c05442d13f0000004059e1b7bf00000040d2058fbf000000405463c53f00000000ce8e923f000000408e57ac3f00000040817667bf00000000c44091bf000000609fe7b0bf000000a05bbb7abf00000040b325b9bf00000000a949573f00000000dc81a43f000000a0ca9caebf00000060e831a1bf000000a0b56abd3f00000060d1a2c7bf00000060df87b43f000000c028656fbf00000020caffa93f000000c0aff79c3f00000000651f77bf000000a019ddafbf00000000e675a5bf0000000045f0c53f00000000d998ccbf000000005dfec93f00000080c922c63f00000080c478a63f000000801c26b73f000000e038d4c03f000000c0cb7cc13f000000a0502c963f0000004077da833f000000003012c9bf000000a0ddc7acbf000000e0f410be3f00000080110aa6bf000000804fcfb43f00000040df4f983f, '2025-05-19 14:12:57.228000', 15),
(23, 'face_tests\\zahid\\test_86b06bad.jpg', 0x000000009102c1bf0000008095d1a23f000000204f8d803f000000806221babf00000020f64bb6bf00000060edf890bf00000080d4a3a0bf000000c0cf94bbbf00000040db67c23f000000a0191ebfbf0000006048afca3f000000e01e91b5bf000000e039b8c4bf000000602455babf000000002fae9c3f000000009302c53f000000802078c8bf000000e06930bcbf000000000c5faabf00000040fbe097bf00000040da14aa3f00000080b549b1bf000000c09c5f9c3f00000060c205bd3f000000002d88c2bf000000003d90debf000000e0d30ec5bf000000405e40b4bf00000020f88e8c3f000000003337b0bf000000a0eb1497bf000000e035dcb23f000000e078d0c4bf00000000fcb66f3f00000000a6c892bf000000e0d691b73f000000e09175973f000000a01332b9bf00000080a5d7c43f00000080eccba83f000000807193c9bf000000c0f950953f00000060de36853f00000020fa57cf3f000000e09b74c73f000000a0bec1973f00000060257da83f000000a0032ea5bf00000020daedb53f000000a00211c0bf00000000d84f673f000000e0e8bac03f00000080fed0a83f0000004058397c3f000000a04eb78cbf000000e077bcb7bf000000407cb3b23f000000200a50b63f000000e04fc0c9bf000000c0fa878abf000000c0b9f3a53f00000040a874c1bf00000080e880b2bf000000e036e79fbf000000e0ef7acf3f000000e03cf7c43f000000c066f6bebf00000020b82fc7bf000000c03805c43f00000080b92cc0bf00000040a70293bf00000000e375adbf000000e05631cabf000000001ccec4bf000000c02886d3bf000000e0dcf2aa3f000000e0dcedd83f00000060e4afbf3f000000c03a60cabf00000060087eab3f00000000348dbcbf00000040ccf5863f00000080c23eb93f000000801f3bc63f000000e013cfb3bf000000c02b3d8abf000000605e5ab9bf000000c09a5ba93f000000e0b005c23f00000000f5247c3f00000060575290bf000000e0986acd3f000000809f4d90bf000000401165b63f000000a0dee59b3f000000e02a9f86bf000000a0493dc0bf00000000c495a73f0000006074ccb0bf000000c07ecf7d3f0000004003aeb43f000000408437a8bf00000000d99f983f000000e0b2e3c23f000000a0a95ecbbf000000404c12c63f000000002c5419bf00000000841a843f000000e07393b03f00000040e2eda53f000000604f1abcbf000000a08a1db8bf000000800267bb3f000000c0b15acebf000000605593be3f000000005697ce3f00000080e94fb73f000000e077e7c23f00000020bdf5c03f000000401426b63f00000080c0797fbf000000a00249a13f00000080d1c9cebf00000080268fac3f0000002046b3b23f000000a01804a7bf000000e0a2829a3f00000020b7e4953f, '2025-05-19 14:13:14.597760', 16);

-- --------------------------------------------------------

--
-- Table structure for table `accounts_guru`
--

CREATE TABLE `accounts_guru` (
  `user_id` bigint(20) NOT NULL,
  `nama_lengkap` varchar(100) NOT NULL
) ENGINE=InnoDB DEFAULT CHARSET=utf8mb4 COLLATE=utf8mb4_general_ci;

--
-- Dumping data for table `accounts_guru`
--

INSERT INTO `accounts_guru` (`user_id`, `nama_lengkap`) VALUES
(1, 'Admin Ujian App');

-- --------------------------------------------------------

--
-- Table structure for table `accounts_hasilujian`
--

CREATE TABLE `accounts_hasilujian` (
  `id` bigint(20) NOT NULL,
  `nilai` double NOT NULL,
  `tanggal_selesai` datetime(6) NOT NULL,
  `siswa_id` bigint(20) NOT NULL,
  `ujian_id` bigint(20) NOT NULL
) ENGINE=InnoDB DEFAULT CHARSET=utf8mb4 COLLATE=utf8mb4_general_ci;

--
-- Dumping data for table `accounts_hasilujian`
--

INSERT INTO `accounts_hasilujian` (`id`, `nilai`, `tanggal_selesai`, `siswa_id`, `ujian_id`) VALUES
(1, 80, '2025-04-14 08:41:54.093244', 2, 3),
(2, 0, '2025-04-21 08:19:50.555001', 2, 4),
(4, 50, '2025-04-21 08:52:14.615932', 2, 6),
(5, 100, '2025-04-21 09:18:08.400637', 2, 7),
(7, 50, '2025-04-21 15:03:44.549127', 2, 9),
(14, 0, '2025-07-09 01:51:59.287745', 2, 17);

-- --------------------------------------------------------

--
-- Table structure for table `accounts_jawabansiswa`
--

CREATE TABLE `accounts_jawabansiswa` (
  `id` bigint(20) NOT NULL,
  `jawaban` varchar(1) NOT NULL,
  `waktu_jawab` datetime(6) NOT NULL,
  `siswa_id` bigint(20) NOT NULL,
  `soal_id` bigint(20) NOT NULL
) ENGINE=InnoDB DEFAULT CHARSET=utf8mb4 COLLATE=utf8mb4_general_ci;

--
-- Dumping data for table `accounts_jawabansiswa`
--

INSERT INTO `accounts_jawabansiswa` (`id`, `jawaban`, `waktu_jawab`, `siswa_id`, `soal_id`) VALUES
(1, 'B', '2025-04-21 08:52:14.603932', 2, 23),
(2, 'C', '2025-04-21 08:52:14.611934', 2, 24),
(3, 'D', '2025-04-21 09:18:08.390639', 2, 25),
(4, 'A', '2025-04-21 09:18:08.397638', 2, 26),
(7, 'C', '2025-04-21 15:03:44.540126', 2, 29),
(8, 'A', '2025-04-21 15:03:44.545126', 2, 30),
(16, 'A', '2025-07-09 01:51:59.270745', 2, 39),
(17, 'B', '2025-07-09 01:51:59.283747', 2, 40);

-- --------------------------------------------------------

--
-- Table structure for table `accounts_kelas`
--

CREATE TABLE `accounts_kelas` (
  `id` bigint(20) NOT NULL,
  `nama_kelas` varchar(100) NOT NULL
) ENGINE=InnoDB DEFAULT CHARSET=utf8mb4 COLLATE=utf8mb4_general_ci;

--
-- Dumping data for table `accounts_kelas`
--

INSERT INTO `accounts_kelas` (`id`, `nama_kelas`) VALUES
(1, 'Kalkulus01');

-- --------------------------------------------------------

--
-- Table structure for table `accounts_logmasukstudent`
--

CREATE TABLE `accounts_logmasukstudent` (
  `id` bigint(20) NOT NULL,
  `waktu_masuk` datetime(6) NOT NULL,
  `siswa_id` bigint(20) NOT NULL
) ENGINE=InnoDB DEFAULT CHARSET=utf8mb4 COLLATE=utf8mb4_general_ci;

-- --------------------------------------------------------

--
-- Table structure for table `accounts_proctoringlog`
--

CREATE TABLE `accounts_proctoringlog` (
  `id` bigint(20) NOT NULL,
  `timestamp` datetime(6) NOT NULL,
  `event_type` varchar(20) NOT NULL,
  `description` longtext NOT NULL,
  `siswa_id` bigint(20) NOT NULL,
  `ujian_id` bigint(20) NOT NULL
) ENGINE=InnoDB DEFAULT CHARSET=utf8mb4 COLLATE=utf8mb4_general_ci;

-- --------------------------------------------------------

--
-- Table structure for table `accounts_siswa`
--

CREATE TABLE `accounts_siswa` (
  `user_id` bigint(20) NOT NULL,
  `nama_lengkap` varchar(100) NOT NULL,
  `kelas_id` bigint(20) DEFAULT NULL
) ENGINE=InnoDB DEFAULT CHARSET=utf8mb4 COLLATE=utf8mb4_general_ci;

--
-- Dumping data for table `accounts_siswa`
--

INSERT INTO `accounts_siswa` (`user_id`, `nama_lengkap`, `kelas_id`) VALUES
(2, 'Rafi Munggaran', 1),
(3, 'Ihsan', 1),
(4, 'Ananta', 1),
(5, 'Chandra', 1),
(6, 'Cia Thing', 1),
(7, 'Dzakwan', 1),
(8, 'Fanza', 1),
(9, 'Ivan Wahyu', 1),
(10, 'Komang', 1),
(11, 'Mahendra', 1),
(12, 'Marco', 1),
(13, 'Nabiel', 1),
(14, 'Satrio', 1),
(15, 'Yeru', 1),
(16, 'zahid', 1);

-- --------------------------------------------------------

--
-- Table structure for table `accounts_soal`
--

CREATE TABLE `accounts_soal` (
  `id` bigint(20) NOT NULL,
  `pertanyaan` longtext NOT NULL,
  `pilihan_a` varchar(200) NOT NULL,
  `pilihan_b` varchar(200) NOT NULL,
  `pilihan_c` varchar(200) NOT NULL,
  `pilihan_d` varchar(200) NOT NULL,
  `jawaban_benar` varchar(1) NOT NULL,
  `ujian_id` bigint(20) NOT NULL
) ENGINE=InnoDB DEFAULT CHARSET=utf8mb4 COLLATE=utf8mb4_general_ci;

--
-- Dumping data for table `accounts_soal`
--

INSERT INTO `accounts_soal` (`id`, `pertanyaan`, `pilihan_a`, `pilihan_b`, `pilihan_c`, `pilihan_d`, `jawaban_benar`, `ujian_id`) VALUES
(11, 'Berapakah hasil dari 45+67?', '102', '112', '122', '132', 'B', 3),
(12, 'Berapakah hasil dari 123−48?', '65', '75', '85', '95', 'B', 3),
(13, 'Berapakah hasil dari 12×15?', '160', '170', '180', '190', 'C', 3),
(14, 'Berapakah hasil dari 144÷12?', '10', '11', '12', '13', 'C', 3),
(15, 'Berapakah hasil dari (25+15)×2−30?', '40', '50', '60', '70', 'B', 3),
(16, 'Apa fungsi utama nukleus (inti sel) dalam sel eukariotik?', 'Menghasilkan energi dalam bentuk ATP', 'Menyimpan materi genetik (DNA) dan mengatur aktivitas sel', 'Mensintesis protein', 'Melindungi sel dari lingkungan luar', 'B', 4),
(17, 'Fotosintesis pada tumbuhan menghasilkan...', 'Karbon dioksida dan air', 'Glukosa dan oksigen', 'ATP dan NADPH', 'Glukosa dan karbon dioksida', 'B', 4),
(18, 'Sistem organ yang bertanggung jawab untuk mencerna makanan dan menyerap nutrisi adalah...', 'Sistem pernapasan', 'Sistem ekskresi', 'Sistem pencernaan', 'Sistem sirkulasi', 'D', 4),
(19, 'Jika tanaman bergenotipe Tt (dominan tinggi, resesif pendek) dikawinkan dengan tanaman bergenotipe TT , kemungkinan genotipe keturunannya adalah...', 'TT dan Tt', 'TT dan tt', 'Tt dan tt', 'TT, Tt, dan tt', 'A', 4),
(20, 'Peran dekomposer dalam ekosistem adalah...', 'Menghasilkan oksigen melalui fotosintesis', 'Menguraikan bahan organik menjadi senyawa anorganik', 'Menyediakan makanan langsung bagi konsumen', 'Mengatur populasi predator', 'B', 4),
(23, 'Bola A bermassa 0,4 kg bergerak dengan laju 6 m/s dan menumbuk bola B yang memiliki massa 0,6 kg yang sedang bergerak mendekati bola A dengan laju 8 m/s.\r\nKedua bola tersebut bertumbukan tidak lenting sempurna. Laju bola setelah bertumbukan ialah …', '2,4 m/s searah gerak bola B.', '2,5 m/s searah geraknya dengan bola B.', '1,4 m/s searah geraknya dengan bola B.', '2,4 m/s searah gereaknya dengan bola A.', 'A', 6),
(24, 'Sebuah pesawat yang sedang terbang mendatar dengan laju 300 m.s-1 pada ketinggian 80 meter menjatuhkan bom (g = 10 m.s-2). Bom tersebut tepat mencapai sasaran pada jarak mendatar adalah', '800 meter', '1000 meter', '1200 meter', '1600 meter', 'C', 6),
(25, '1. Senyawa yang memiliki ikatan kovalen nonpolar adalah:', 'H₂O', 'NaCl', 'NH₃', 'O₂', 'D', 7),
(26, '3. Senyawa yang termasuk ke dalam golongan alkana adalah:', 'CH₄', 'C₂H₆O', 'C₆H₆', 'C₃H₄', 'A', 7),
(29, 'Reaksi pembakaran sempurna yang melibatkan hidrokarbon menghasilkan...', 'Karbon monoksida dan uap air', 'Karbon dioksida dan oksigen', 'Karbon dioksida dan air', 'Karbon monoksida dan oksigen', 'C', 9),
(30, 'pH dari larutan yang mengandung H⁺ konsentrasi 1 × 10⁻⁵ M adalah...', '4', '5', '6', '7', 'B', 9),
(35, '128 ÷ 8 + 15 = ?', '16', '31', '30', '32', 'B', 14),
(39, 'Gerakan suatu benda dimana setiap titik pada benda tersebut mempunyai jarak yang tetap terhadap suatu sumbu tertentu, merupakan pengertian dari:', 'Gerak Translasi', 'Gerak Rotasi', 'Perpindahan', 'Kelajuan', 'B', 17),
(40, 'Sebuah balok bermassa 1,5 kg didorong ke atas oleh gaya konstan F = 15 N pada bidang miring seperti gambar. Anggap percepatan gravitasi (g) 10 ms-2 dan gesekan antara balok dan bidang miring nol. Usaha total yang dilakukan pada balok adalah ...', '15 J', '30 J', '35 J', '45 J', 'A', 17);

-- --------------------------------------------------------

--
-- Table structure for table `accounts_testimage`
--

CREATE TABLE `accounts_testimage` (
  `id` bigint(20) NOT NULL,
  `image` varchar(100) NOT NULL,
  `encoding` longblob DEFAULT NULL,
  `created_at` datetime(6) NOT NULL,
  `user_id` bigint(20) NOT NULL
) ENGINE=InnoDB DEFAULT CHARSET=utf8mb4 COLLATE=utf8mb4_general_ci;

-- --------------------------------------------------------

--
-- Table structure for table `accounts_ujian`
--

CREATE TABLE `accounts_ujian` (
  `id` bigint(20) NOT NULL,
  `nama_ujian` varchar(100) NOT NULL,
  `deskripsi` longtext DEFAULT NULL,
  `tanggal_dibuat` datetime(6) NOT NULL,
  `code` varchar(10) NOT NULL,
  `guru_id` bigint(20) NOT NULL,
  `durasi_menit` int(10) UNSIGNED NOT NULL CHECK (`durasi_menit` >= 0),
  `waktu_mulai` datetime(6) DEFAULT NULL,
  `waktu_selesai` datetime(6) DEFAULT NULL
) ENGINE=InnoDB DEFAULT CHARSET=utf8mb4 COLLATE=utf8mb4_general_ci;

--
-- Dumping data for table `accounts_ujian`
--

INSERT INTO `accounts_ujian` (`id`, `nama_ujian`, `deskripsi`, `tanggal_dibuat`, `code`, `guru_id`, `durasi_menit`, `waktu_mulai`, `waktu_selesai`) VALUES
(3, 'Math001', 'Ujian Untuk Aritmatika Dasar', '2025-04-14 08:32:37.186666', '294F25A0', 1, 20, '2025-04-14 08:27:00.000000', '2025-04-16 08:27:00.000000'),
(4, 'Bio001', 'Ujian Biologi', '2025-04-21 07:45:21.376687', '8D904634', 1, 60, '2025-04-21 07:59:00.000000', '2025-04-22 07:44:00.000000'),
(6, 'Pysh001', 'Ujian Fisika', '2025-04-21 08:45:06.361021', 'CD360C32', 1, 60, '2025-04-21 08:44:00.000000', '2025-04-22 08:44:00.000000'),
(7, 'Ches001', 'Ujian Kimia', '2025-04-21 09:12:42.453653', '06EA5BE5', 1, 60, '2025-04-21 09:12:00.000000', '2025-04-23 09:12:00.000000'),
(9, 'Ches002', 'qfdafsdafsadfsadfvasfas', '2025-04-21 14:46:12.430840', 'D18A089C', 1, 60, '2025-04-21 14:46:00.000000', '2025-04-22 14:46:00.000000'),
(14, 'Math001', 'gsdefgertgegrsger', '2025-04-22 02:12:47.438052', 'B716211B', 1, 60, '2025-04-22 02:12:00.000000', '2025-04-23 02:12:00.000000'),
(17, 'Test001', 'Testing Ujian', '2025-07-07 13:09:06.088804', 'D8781C2E', 1, 60, '2025-07-08 01:00:00.000000', '2025-07-10 16:59:00.000000');

-- --------------------------------------------------------

--
-- Table structure for table `accounts_user`
--

CREATE TABLE `accounts_user` (
  `id` bigint(20) NOT NULL,
  `password` varchar(128) NOT NULL,
  `last_login` datetime(6) DEFAULT NULL,
  `is_superuser` tinyint(1) NOT NULL,
  `username` varchar(150) NOT NULL,
  `first_name` varchar(150) NOT NULL,
  `last_name` varchar(150) NOT NULL,
  `email` varchar(254) NOT NULL,
  `is_staff` tinyint(1) NOT NULL,
  `is_active` tinyint(1) NOT NULL,
  `date_joined` datetime(6) NOT NULL,
  `is_guru` tinyint(1) NOT NULL,
  `is_siswa` tinyint(1) NOT NULL
) ENGINE=InnoDB DEFAULT CHARSET=utf8mb4 COLLATE=utf8mb4_general_ci;

--
-- Dumping data for table `accounts_user`
--

INSERT INTO `accounts_user` (`id`, `password`, `last_login`, `is_superuser`, `username`, `first_name`, `last_name`, `email`, `is_staff`, `is_active`, `date_joined`, `is_guru`, `is_siswa`) VALUES
(1, 'pbkdf2_sha256$600000$WMP8nhjfre91pULE26nAB8$zM62Iyo4sHyHWveVP0LqGh0bHJEdB19Oz6sat/KwOoc=', '2025-07-16 13:49:56.423280', 0, 'admin', '', '', 'admin@example.com', 0, 1, '2025-04-11 06:23:32.135838', 1, 0),
(2, 'pbkdf2_sha256$600000$XPdYZHyZiX02Mz2Ic9vXkp$afkHK2aJy9jVeaLXOPZPIOxVNTN73PjM3dJlqPeoU5s=', '2025-07-21 15:51:38.457686', 0, 'rafi', '', '', 'muhammad.rafimunggaran@student.upj.ac.id', 0, 1, '2025-04-11 06:39:26.080462', 0, 1),
(3, 'pbkdf2_sha256$600000$PuPctVETovKA0sPRCYaRyM$w3xlMdqQWK+bgtIQUp8tIgcy42TL9rWZvH7VItiyXAA=', '2025-05-18 14:04:52.962810', 0, 'ihsan', '', '', 'haesa1326@gmail.com', 0, 1, '2025-04-16 07:21:57.542031', 0, 1),
(4, 'pbkdf2_sha256$600000$DrvyzIvWQoW1HEOZWdsF40$L/CmxXm5m+HhKwqkNOJsVSTtE0XbagOuDbZlWyH1W5M=', '2025-05-22 14:06:03.188426', 0, 'ananta', '', '', 'ananta2022@student.upj.ac.id', 0, 1, '2025-04-16 07:23:46.607112', 0, 1),
(5, 'pbkdf2_sha256$600000$aX74eycB4d29SvyKdBuouK$+ujDaCNr1pbYcSfR2VRnOdxbk5d+Zs4eS5WhJsKwu3Q=', '2025-05-18 14:58:39.192648', 0, 'chandra', '', '', 'chandra2021@student.upj.ac.id', 0, 1, '2025-04-16 07:24:22.501521', 0, 1),
(6, 'pbkdf2_sha256$600000$p07lKuPpO2hlVHtGoeJEKR$+MALVlhkGFdUgdGuGRgTeucwkqIQn0UtoHZwJOh1BGQ=', '2025-05-22 13:26:44.175668', 0, 'cia', '', '', 'cia2021@student.upj.ac.id', 0, 1, '2025-04-16 07:25:13.906631', 0, 1),
(7, 'pbkdf2_sha256$600000$jRvcJG0EC0i1EMROn6xVwR$/SbZC59Ia84d1x2/ugubnYkJADCvs34BXIrGZ/XGbxI=', NULL, 0, 'dzakwan', '', '', 'Dzakwan2021@student.upj.ac.id', 0, 1, '2025-04-16 07:25:47.960729', 0, 1),
(8, 'pbkdf2_sha256$600000$A5LQCDZAjMpxlfonjZPhYq$QprwYNT3UxkFrzHrWaLuCA3x/ijg/malx25l+ne8Qko=', '2025-05-18 13:56:26.126289', 0, 'fanza', '', '', 'fanza2021@student.upj.ac.id', 0, 1, '2025-04-16 07:26:23.463731', 0, 1),
(9, 'pbkdf2_sha256$600000$rJVCbday8jBuSJl9OlIJDr$fD80FgkraYQc7JS+GwxeIK+SzyzAs8bFyKQ8tK+q/Zc=', '2025-05-18 13:46:32.650780', 0, 'ivan', '', '', 'ivan2021@student.upj.ac.id', 0, 1, '2025-04-16 07:27:09.271222', 0, 1),
(10, 'pbkdf2_sha256$600000$M2ah79ZtDXlPnHYlR3yu17$8mH5YUjTR+RwCalg4OT0+u07NpiRqsrGZtGt2/Dk7JU=', '2025-05-18 13:57:25.059731', 0, 'komang', '', '', 'komang2021@student.upj.ac.id', 0, 1, '2025-04-16 07:27:45.880042', 0, 1),
(11, 'pbkdf2_sha256$600000$sgFfbd5H5ExTCqeigmd3Rz$iEzHGI63AJJbrZpeLQLudyp8UywMsvNn5mxlI9rK65w=', NULL, 0, 'mahendra', '', '', 'mahendra2021@student.upj.ac.id', 0, 1, '2025-04-16 07:32:15.101139', 0, 1),
(12, 'pbkdf2_sha256$600000$v3WzHesGEFQDgrJX4fVtNJ$OrNvPvyWkAGzeC23r4ah7SUAbu32FmvWPL+Klud0kis=', '2025-05-18 14:34:20.266150', 0, 'marco', '', '', 'marco2021@student.upj.ac.id', 0, 1, '2025-04-16 07:32:44.277697', 0, 1),
(13, 'pbkdf2_sha256$600000$u4tt34qH41nrekH7AAJQMQ$PfSw3ZoWPtrNWiWPVrUcF9gcI/F/iT3gilDj8bKScig=', '2025-05-18 16:55:11.558689', 0, 'nabiel', '', '', 'nabiel2021@student.upj.ac.id', 0, 1, '2025-04-16 07:33:26.526939', 0, 1),
(14, 'pbkdf2_sha256$600000$uKzo5IWpCEovo2u8HM7vRa$ViGKjUbefor0u3Hlo5rkRkbLlSVD7tWERudS5EXX3aM=', '2025-05-18 15:18:18.558807', 0, 'satrio', '', '', 'satrio2021@student.upj.ac.id', 0, 1, '2025-04-16 07:34:20.025488', 0, 1),
(15, 'pbkdf2_sha256$600000$QeKhGvIr01RdPjlQdc8y7B$5yRAGocAb+7PVFNyRwu3sBXQQYCJ48KpqN3OFeEZgZ8=', '2025-05-18 15:42:28.303658', 0, 'yeru', '', '', 'yeru2021@student.upj.ac.id', 0, 1, '2025-04-16 07:34:59.527413', 0, 1),
(16, 'pbkdf2_sha256$600000$TaEf5uRUVLrl0v9PcVnnw8$Wo7MAi3fAnmzxAVCKDEp+jkTDlVhrY8fwTY0KPdeetE=', '2025-05-18 13:20:17.687235', 0, 'zahid', '', '', 'zahid2021@student.upj.ac.id', 0, 1, '2025-04-16 07:35:28.651441', 0, 1);

-- --------------------------------------------------------

--
-- Table structure for table `accounts_userface`
--

CREATE TABLE `accounts_userface` (
  `id` bigint(20) NOT NULL,
  `encoding` longblob NOT NULL,
  `photo` varchar(100) NOT NULL,
  `user_id` bigint(20) NOT NULL
) ENGINE=InnoDB DEFAULT CHARSET=utf8mb4 COLLATE=utf8mb4_general_ci;

--
-- Dumping data for table `accounts_userface`
--

INSERT INTO `accounts_userface` (`id`, `encoding`, `photo`, `user_id`) VALUES
(24, 0x000000401b4ca0bf000000804954a53f00000040a7a1b13f000000c082e5acbf0000002050dfa3bf00000020f095abbf00000000306fa1bf000000e0fe87c3bf000000008a57c63f00000020313ac5bf000000e03545d03f00000020ff43a3bf00000060cb80c2bf000000e0c7d8b1bf000000e03c1c8b3f00000020cf01c23f00000040e5e6c8bf000000c08300bdbf000000a07de488bf0000008004c88cbf000000602af0ae3f0000008021eb71bf000000005dc18c3f000000a05251953f000000008d72bcbf000000809dfdd5bf0000004037aac1bf000000a0c37dc1bf000000e02f03a73f000000e000f5aabf000000a0c602b4bf00000040234fab3f00000040f4f4c2bf00000080aa4b8ebf0000008058f06cbf000000c0d43bb73f000000e04b1b813f000000e0fdb5a3bf0000002036cfcc3f000000603252953f00000040b4abc8bf0000008028df83bf000000a051ca92bf000000c0e22acf3f00000000c7fdc43f000000a09f0d91bf000000000b82973f000000801edbb4bf00000060b390bd3f00000040c158c6bf000000401d4bb43f000000008768b33f0000008026b6bb3f000000a0cffcae3f0000000083c666bf00000000c732c1bf0000000076f6953f000000c0000ca63f00000020f5cec2bf000000003d80983f000000c0f1b7b63f000000c07912bebf000000407190adbf000000809ee255bf000000c03baad23f00000040680bb63f000000c0f7c9bdbf000000a0709ebfbf00000080077cc03f000000a077dcbcbf00000040da2fb3bf0000004022227f3f000000605879c8bf000000c0f29cc0bf000000a0529ed3bf0000008089869d3f00000080743fdd3f000000a04626ac3f00000040f4c2cebf00000000d2f1aa3f000000a077eababf000000409b57a4bf000000e0fd4ec43f000000401aa9c43f0000008037ae723f000000809627b43f0000000025eab6bf000000607f8cae3f000000600321cb3f000000005b5db9bf0000008009c1aabf00000000138ac83f000000404e66a0bf00000020bd57c43f00000000c0db973f000000009e2f99bf0000000072955cbf000000005f3d5ebf0000006064cfc1bf000000004ed66abf000000203d4cab3f000000c0e0d0723f00000060e061aabf00000060aef7c23f000000e077f7c8bf00000040303ec43f000000802d79aa3f000000c0d3a299bf000000a08eaba73f00000080364361bf00000080b50fbcbf00000080d48bb8bf0000006030fbc33f000000c0313dcdbf000000201c24c23f00000080d96fc73f00000020dc9bb33f0000002041e8c03f000000809391aa3f000000604f7aa53f00000000b8b1423f00000000a5537fbf000000208f34d1bf00000040c9e6a33f000000001f72b93f00000020865c843f000000e0d4c1a73f000000609b08953f, 'faces/rafi/rafi_face.jpg', 2),
(25, 0x000000a0f12c97bf000000408499b13f00000060b1dd7bbf00000020f9a3b7bf000000a0330ab7bf0000004051318bbf000000c03b499cbf00000040b314cabf0000006057dac53f000000e05706c2bf0000002067edd03f000000807086a9bf000000607277c3bf000000805d7cc0bf0000002068ab853f00000060eb93c63f000000406332c0bf00000080b698b7bf000000c07d41a9bf00000040be53b0bf000000800cbda13f000000801ae699bf000000c0d7fe9e3f00000060fb5fa73f000000608c3db5bf000000408b1dd6bf000000206df9babf000000c05b56b4bf000000c0bc2eac3f000000c006ddb1bf000000e0ae5d8abf000000e00d95b53f00000060ba7fc6bf000000a0275ea9bf000000c045e7a03f00000000e992af3f00000080fe8ab0bf00000040790fa9bf000000a00546c63f0000004074d799bf00000040941bc5bf000000e014539a3f00000020fa0c9e3f0000004047e1cf3f00000040cba2c23f000000008ccd9d3f000000802740af3f00000020444bbebf00000040039bba3f00000020ae8bc1bf000000c05716b13f00000060fd9aae3f000000201485b83f00000040072fac3f00000000849197bf000000000e2cc3bf00000000cbe5973f000000408dfcbd3f000000e03ba9cbbf00000000f124a93f00000040863bc03f000000a07619b9bf00000020c7f8c1bf000000c0ba7aa4bf00000020c857d13f000000a05efdc23f00000000f201c4bf000000405bb5c3bf000000e0f4aebc3f00000040956eb6bf000000a0c22395bf00000060a6368a3f000000e026b9c8bf00000080d283c9bf000000c07b4fd0bf00000020df9bb33f00000040e5ded73f000000e07ab2bd3f000000005bebc9bf000000003ddc9fbf000000205533a1bf000000a0b9f9b43f0000000091bac23f000000a0fb15bf3f0000000081d569bf000000c07c5ba7bf000000608493a1bf000000a05d6ab23f000000004b1bc03f000000c064a4b7bf000000a0a169b3bf00000000360ccc3f000000a0e2dfa0bf0000000053a6b03f000000804bb2b2bf00000080f9ada83f00000020eb50b0bf00000020be4eb63f000000e0dd48bcbf00000000dbf0603f000000c05e92b93f0000000017da983f000000808798ab3f00000080f898bf3f00000000a28bc4bf000000404688cb3f00000080fa407c3f00000040355fa63f00000020c0bfb23f00000020a95194bf00000060c067b4bf000000e06e46b0bf000000c0fc6abb3f000000601f63cfbf00000020fe59ce3f0000000088dbc83f000000e09176b63f000000604321c33f00000020d539b23f00000080ea28ae3f000000c089bdb13f00000020f15aa3bf0000008046f7cdbf000000c0ab5b883f00000080e4d6b93f000000404b0b93bf000000004437ad3f0000008043b77ebf, 'faces/ihsan/ihsan_face.jpg', 3),
(26, 0x00000060432fbabf000000e00b47b93f00000060959ac13f00000080ac3c743f000000a0527e8bbf00000080a517b4bf000000402962a6bf0000000055b5bcbf000000c0ae56bb3f000000c01be8b5bf00000000182ad43f000000c02cc9b2bf000000803d96cebf000000402a33b0bf00000000985ca33f000000005b3dbf3f000000201ed5bcbf000000800dd2a9bf000000c0cff1a6bf000000a0b0bdabbf00000000f568ab3f000000407f707dbf000000604540b73f00000080eb32b53f0000004013b1adbf000000c06f34d8bf000000a07e72c2bf000000a0d54fc4bf000000401a4dae3f000000a0c130a8bf000000c0ff8cacbf000000c06d9595bf000000e0c8c4bfbf000000804afa73bf00000080d7a8acbf00000040ff36a1bf00000060ae98a0bf000000203032bbbf000000209430ca3f0000000063015c3f0000006035c2c0bf000000808e8e993f000000008cbd44bf0000006030c4c93f000000e04344c13f000000809c7da93f00000000f2b4b63f00000040dfc4a7bf000000c07993923f000000e083e8c4bf000000807e45b53f00000000b8f1b93f000000404ebdc33f00000000b452973f000000804392c13f00000080530ccebf0000004028eb7ebf000000a02d2a82bf000000e0a4a7bdbf00000060aafbb33f00000020df75923f0000004044fc973f000000a00a35983f0000000005ee99bf000000e0a5afd13f00000060b6b6bb3f000000604e68bcbf0000000002e3b1bf00000080a31ac33f00000020a1cdb6bf0000000096f6863f00000060eecab53f00000040eba6c6bf00000080c4a9c6bf00000000a06bcabf000000401673b93f00000020eeb4d93f00000040b07cbd3f00000000e2f4ccbf0000004076b77b3f00000080e412c4bf000000409a6aa2bf00000080b0cba63f000000009c80ae3f000000203356b1bf0000008016c2a5bf00000000972ac3bf00000000f51b93bf000000a0328ebf3f00000040f37eb0bf000000e07e0fa4bf000000a02fface3f00000080d60f88bf00000040de38ad3f000000e07b1d7e3f000000c090979cbf000000a04bdfbdbf000000c022b37c3f000000403566adbf00000080c8917abf000000c07a9e8e3f0000006029a7b6bf000000606cbaa9bf00000060f326ab3f000000a04b19cabf000000208e01b13f000000c0734d9b3f000000c0452ea9bf000000e0170c8abf000000603823c03f00000080c8ccc4bf00000040de52aabf00000080ef27bd3f0000000041bdd1bf000000c0af8ac63f000000e025ffc43f00000040fabab03f00000020f5b4c33f000000a01006af3f0000008049a8bb3f000000000030c1be000000007e048bbf00000040a09dbdbf000000004389a6bf000000e073bca93f00000000d1a7743f0000000000bbedbe0000008051d0b13f, 'faces/ananta/ananta_face.jpg', 4),
(27, 0x00000060e0f5bcbf00000000b3afbe3f00000020540bac3f000000205a98abbf000000c0041db9bf00000080a404b9bf0000000001d3b0bf000000c00708c3bf00000080475eb83f000000a0d172b2bf000000a063e2d23f000000e0a417b0bf000000e0217bc8bf00000080e8a2c3bf000000205c7f75bf000000a063c0ca3f000000c02e12c4bf000000002eecb1bf00000080153783bf000000c0f9ed9b3f000000604ac6bc3f000000806b5f3c3f0000000045a3af3f000000008dbd493f000000802443a2bf000000c09fe3d5bf00000020720bb8bf000000802d93b2bf0000000002bf973f0000000072b4a7bf000000e0bfb98cbf000000c08cdea1bf00000020e967c5bf000000001a1eafbf000000c0c557ab3f000000206ab7b13f00000040fba5b0bf000000408fefb4bf00000060dca4c53f00000000a67a7f3f00000020d50acebf00000080b0eda6bf000000e0031aa53f000000204e96cd3f0000006081e4ba3f000000607457a83f000000c044a5a73f0000002008a1c8bf000000a09620b33f000000209387c1bf000000c03d9ab73f000000808095b43f000000c0e087b73f000000803612983f000000c0c1129a3f000000807f9ec3bf00000080fa3ab23f00000040d5a2bf3f000000801db9cebf0000008042df59bf00000080474cc43f00000040743d96bf00000080ac4fb5bf00000060d3e9bdbf0000008007edd03f00000020619abc3f00000080b43cc5bf00000080df55c4bf000000a0f293b53f000000208496b3bf000000205cfdb1bf000000a065c6b13f000000609f23c2bf000000e0a065ccbf000000a07ab5d5bf000000a0fa1f863f000000c04ceed83f00000040734bb93f000000a0cda0cabf00000000deb7b2bf000000400552abbf0000008099535a3f000000c066d7c23f000000a0a829c33f00000080a8f873bf000000c04f1a953f000000201d9cb4bf000000601d2c99bf00000080bafdc03f000000402182bbbf00000000a5fcacbf0000008062d6c83f0000008025b083bf000000e0bff0b03f000000207b40aebf00000060e0c3933f00000080d143b0bf00000000953db23f000000c06a79bcbf000000204e49a0bf000000604aed903f000000e0759ab0bf00000060e4b481bf000000c0f8c0bb3f0000002001d2c7bf000000602a69bf3f00000060eb3db03f000000806d1381bf000000c041ec873f000000809b70aabf000000007f58bebf0000002085bcb0bf000000c04365b73f000000c09fa3cebf000000209740cf3f000000c0e710cb3f00000040475bc13f0000006057c0c13f000000e0e2a2be3f00000060d055b23f000000c04946653f00000000592eb0bf000000604a21cabf000000a0c8c28d3f0000008081cab13f000000405ab69abf000000c0094fb63f000000c0afb968bf, 'faces/chandra/chandra_face.jpg', 5),
(28, 0x00000020e462c0bf00000040e814b23f00000040ad4c7cbf000000a0f653a6bf000000008338bdbf000000006bdfb6bf00000080087cb6bf000000600f9fc5bf00000020b1b4b53f00000060b14baebf00000080830aca3f00000040ba1eb7bf000000a01126cfbf00000020348bc0bf000000e095fdb0bf000000e09194ca3f00000040a123c2bf000000601550c2bf000000c055719abf0000008047d2a53f000000c094e3b73f000000a006219fbf00000060dfedaa3f000000c0c891ba3f000000406154b3bf0000006000e0d6bf000000e0539ebdbf0000000037efb2bf000000a0b5a4a8bf00000080525498bf000000008193babf00000080926ea43f00000040e158ccbf000000801194b1bf000000c0a1eb9a3f00000040f49ebb3f000000c08a57733f000000605665b8bf00000040311ac63f000000006815643f000000c0b941ccbf000000a06ad2753f00000020a379a93f0000008044d9cf3f000000a039fec53f00000080ec7a58bf000000c0e505b43f000000a00a88c0bf000000009ce0b33f00000040579dc4bf00000040fb7cb73f000000a092bdc13f000000c00b84bf3f000000c0f0f4933f000000c00d3d823f000000e0df58c3bf000000009267933f00000060ec23c23f000000c06bf5babf00000000c8619e3f00000040992cbd3f00000040b49b95bf000000402f9ab0bf0000006007a8c5bf0000008052c6d13f000000006246b83f000000e04e9ac5bf000000c06c02c2bf000000c000ddbe3f000000c0dea3bbbf0000006015cab3bf000000a01a657ebf000000808b70c9bf000000400e9dcbbf000000a03102d7bf00000020cb4bae3f000000004b5ed63f00000020dfe0c23f00000040ae58d1bf000000c0474ba63f00000040d1afadbf000000409ec5a63f0000000084e1b93f000000209e4dc73f000000206cd9933f0000008034b1b43f000000e07ff3bcbf00000000645a473f000000c05a64c73f000000e0c19fb2bf000000e0033798bf000000402192cf3f000000007dee69bf000000402812b23f00000060d94f903f000000608642933f000000801df3a2bf00000080bdc7943f000000206b97bebf000000a07b17ab3f00000040e268a23f00000020466babbf000000e0116095bf000000e09dd8bc3f00000060bfbcbdbf00000060fd57af3f0000004048a2563f000000403202a83f0000000020f066bf0000000072de95bf00000040e0aac0bf00000000d10dbcbf000000800befb73f000000004d48ccbf000000609d0fc93f000000c0c4dec43f000000602168b33f000000c0cd5abe3f00000000617fbe3f000000e0fc3cc13f000000c0b00f8c3f00000000f59059bf000000c03d9fc9bf0000004053d172bf000000e00717c23f000000c042aa99bf00000000611cb13f000000e08e38a93f, 'faces/cia/cia_face.jpg', 6),
(29, 0x0000006018e3bebf000000200d56b73f000000a09e20a13f000000e07f68b0bf00000020272cadbf00000000e9bc8bbf0000000086c6c2bf0000008084c8c4bf0000006060a1c43f000000a01c2cb0bf000000a004aacd3f00000080f2337ebf00000040b190c1bf000000001ea5bdbf0000006008c3723f000000803480c23f000000a0013bcfbf000000a0921eb7bf000000405045b53f00000040171d8abf000000a04e5ba43f0000002000aea7bf00000000b796ab3f00000060242eb13f00000000a5f7c3bf000000e09945d6bf000000008927b5bf00000020e109c5bf000000e08575a33f0000002035e2a5bf000000e0b5b2b2bf00000020d95385bf000000e03b6bcbbf000000c0111c92bf000000c0c9ff943f000000009332bd3f000000408d8ba63f00000000ffb86f3f000000e020e7c33f00000000b44e35bf00000080f1fdc6bf00000060023aa63f000000c0e17f8abf000000609fc6c73f000000e0c6dcc43f00000040c265aa3f000000e0af98a33f000000003101c8bf000000c0d3c2be3f000000405936c1bf00000060407bbc3f0000004028cbbb3f000000809eefb23f000000a034c1953f000000607728aabf000000c0a8a1c7bf00000000fa68723f000000a0edfab13f000000606413c8bf000000203a67b23f000000e0a0a6c03f000000a0865888bf00000040c35ea9bf000000009c889dbf000000601e0fd03f0000000045dcc33f000000605f83c1bf0000006083d7c8bf000000c01726b53f000000806a4fb8bf000000206e0fabbf0000002036ceae3f000000e0cc65bbbf0000006054d5cbbf000000808e88d2bf00000020df38ae3f000000c0a6cad73f000000201af7c03f000000609255d2bf000000c0815e97bf000000a0a43cc4bf00000040798780bf000000200043c23f00000020d7fab83f000000405e3876bf000000004868763f00000000ce2fb7bf0000000084e09bbf000000802b39c93f000000c06bba9ebf000000e0ea6486bf0000006036eeca3f00000040ceef85bf000000e05130c13f000000e0ff1494bf00000020320fb53f000000c01439c0bf000000c02793b13f00000000ea00c3bf000000202797b4bf000000c0254a8f3f0000008026e2963f000000e02f6d963f000000407155c03f00000020d0c4ccbf00000000477ec73f0000006092eea33f000000a0cb4ca5bf000000603225a53f000000e00f13a93f0000000064fab6bf00000020ab5bb6bf00000080029ac33f0000002040e1d0bf000000e03c59d03f00000040ce32c83f00000080e96cc23f000000a08efdc83f000000009d78be3f000000c01be6b83f00000060967d93bf000000c084afa0bf0000004061abc6bf000000e08733923f00000000f224ab3f00000080c436a2bf000000607dfcb23f0000004044e1963f, 'faces/dzakwan/dzakwan_face.jpg', 7),
(30, 0x000000c01344c2bf000000c0091cc33f000000e08ddf963f000000c026998ebf000000801c51a43f000000e0f54cafbf00000000e7d2643f000000c0e508b4bf00000040eb90c43f00000060b6b4a6bf000000408636cb3f000000c0313eb5bf000000a074a5c6bf000000e09b1bb1bf000000c0f8ed86bf000000802201c33f000000e01423c8bf000000202e0dc1bf00000020771bafbf00000080fa3c6dbf00000000b7a0bb3f000000a03dea9bbf00000040f89b95bf0000006097dab43f000000204675c0bf000000e0a3d5d3bf000000c0efc3b8bf000000c0a3cfb2bf0000000080ed8f3f00000020d245bcbf00000080c6f8b13f000000a024919ebf00000080f9d9cabf00000040ca91a2bf00000000a0fd00bf00000000c46faf3f00000000e6a1a6bf000000a03e89a4bf00000080bd33cb3f00000040f3408cbf000000e0aa71c8bf000000e0d1dd913f00000040bd8ea83f000000602802d33f000000804c62c63f00000040baa7b33f00000080290da0bf00000000ff36c0bf000000005374903f000000205bcbc5bf00000040a66e9f3f00000080480dc13f00000040c856b63f000000a08f21ba3f00000020b02ca63f0000000002a0c5bf000000c03e55a63f000000206381b63f00000060cac4c6bf000000805d048d3f000000407283743f000000c0992e89bf0000004089ea8e3f00000020d56fa1bf0000006050cbd03f000000400842ab3f000000201032c3bf00000040c979bcbf000000c057a2c33f00000080af58c2bf00000000ff8aa8bf00000080960eb63f000000c0ad6cb1bf000000c07ca6cebf000000a02188d3bf0000002084f4a93f00000020681adc3f000000a0e622bf3f000000c00f2cd1bf0000008056c4993f000000c0fdfe9cbf000000608e07acbf000000a0a0d9c23f000000e0fa87c63f000000c0537fb2bf000000005e6251bf000000003e2fb1bf000000004075323f000000200e6cc73f00000000e15ca43f00000020106cb8bf000000a0d1e0c33f00000080ad407a3f000000609aee993f000000e03e978e3f00000040bdd396bf000000000c58a8bf000000609049a83f000000a0d3abc3bf000000c04880a6bf00000000785c38bf00000080bb10893f000000405f52b0bf00000000a21dc53f000000c01b71c1bf000000606fe7c63f000000a0cf16bb3f0000000062f5abbf00000080b90ea9bf00000060b7e7bc3f000000a0eea3bdbf000000806c92a4bf00000020a2a9be3f0000008076aed2bf000000c00f01cb3f0000000022e0c83f000000003cf09f3f000000209f29c03f000000c0d881b53f000000002524bb3f00000060ea3ea13f000000a00ec8a73f000000a09139cbbf000000a079ea673f000000606638b33f00000020f5b5a2bf000000e03e5bc13f0000000027e85c3f, 'faces/fanza/fanza_face.jpg', 8),
(31, 0x000000e0c460bcbf00000000caddae3f000000007095aa3f0000002027adb3bf000000206d78b0bf00000040f8c7a1bf0000000002477fbf00000040739eb7bf000000800105c73f000000202ef4c1bf000000605ce8cd3f0000008085898ebf000000c0ee4cc6bf000000e057d6b6bf00000080f876a03f000000a0658bc53f000000c026fcc3bf000000a03813b8bf000000a03303acbf00000060d24ca2bf00000020bbc1b13f000000009f84aebf000000405e18b63f00000020e610b93f000000408bbfbabf000000c044efdbbf00000000b1f4bcbf000000c0fb1ab8bf000000e0986187bf000000c079d8a0bf00000000801ef0be0000002024b7b23f000000c060b4c3bf00000000801c963f00000080d943a7bf000000c0538ebb3f000000605904b0bf00000080e5d8c0bf00000060f134ca3f00000000492787bf000000409506c7bf000000e0719b9cbf00000000950da5bf000000407a10ce3f000000c049e5c23f00000020041674bf000000c0a170b73f0000006047cb93bf000000e0b188b53f000000a05373c8bf00000040f628a93f00000020fdeeb63f0000002035aba63f000000208663913f000000c0df2d9c3f000000e0d9c1c1bf000000000099b33f000000401596ac3f000000005c90c5bf000000c018a2563f00000000f579953f000000e0b3a2bcbf000000e08055aabf000000a0135698bf000000007c00d13f000000007318c93f00000000e6cbc0bf000000a0eba8c0bf000000a048a7bb3f000000a0a20ebfbf000000c00dd56d3f00000000a89d9b3f000000c0d018ccbf000000e0b909c9bf000000e08afbd0bf000000400246a43f000000c09c83da3f000000608884be3f0000000021cec7bf00000080cacaa7bf0000002004dcb4bf000000403310983f000000a0b013c23f000000e01a2cc53f00000040d377acbf000000409a0296bf000000a028c3c3bf00000040ff90b43f000000004a42c63f000000401bdca8bf00000020ba32c1bf00000060272fcd3f0000000065d5703f000000e0ccb7b33f00000000d8b69ebf000000409eaf67bf000000404816acbf0000008080bab03f000000c0431bb7bf00000040da37a33f000000408a4fba3f0000004084be81bf0000004049d9abbf00000080cc1fba3f000000605216c3bf000000c05b07be3f000000c064856cbf000000808ef1983f000000803aea9e3f000000c076307f3f00000060154acabf000000202873b2bf000000a00718bb3f000000e0ad34c8bf000000803373c33f000000e058ffcb3f00000040544db23f000000e0e889c33f000000a05266ba3f000000801bc0a93f000000807eba983f0000008022b3a2bf000000406639ccbf00000060ed56a63f0000006035deb83f00000060d7f49b3f000000a04012b13f000000403ded7e3f, 'faces/ivan/ivan_face.jpg', 9),
(32, 0x000000808db7a4bf000000209b11b33f000000405be7953f000000e0f9e6603f000000a069cb703f00000000a09fa03f00000000c4784abf00000000bfbfbfbf000000c007d8c53f000000e00747b3bf000000805fa3cd3f00000060821c723f000000c00008c3bf000000403829c6bf000000e0c7e5b83f000000c0a88fbf3f00000080f206c2bf000000e0c830c0bf00000020a26ba0bf00000020f923bcbf000000609189b2bf000000c0fadf8a3f00000040d192b63f000000607d55993f000000a03165b5bf000000c02c9dd6bf0000000083c7b6bf000000c026f9c5bf00000040fbf1c03f00000080340eb4bf000000602a64adbf000000a03425b33f000000405a58ccbf000000a0708f92bf000000003c499e3f000000004426ab3f000000c0ad737cbf000000800a22803f000000c089e7cd3f00000080f3e1913f00000040169dbfbf000000c07bc5a3bf000000e028ae96bf0000000050a7cf3f00000020d78ab63f000000c0ac87773f000000003f9ba13f00000000763da5bf000000000fd5843f00000080ec03bdbf000000600769bb3f000000809ee7b73f00000000c5e6bd3f00000000b8c9483f000000e076de89bf00000080db80cdbf000000805d9eafbf000000a078c7923f00000080b2f0c7bf00000060d91eaf3f00000000f836533f00000040c98fb0bf000000a0bb9ec6bf000000c092c358bf000000a086cdd23f000000a02445c03f000000200c30b8bf000000a022b6c5bf00000020e6ebca3f00000060920eb6bf000000803088a83f000000e0d978b43f000000201a16bbbf000000e0a8b0c5bf000000806474c9bf000000c074dab43f000000a07d0fd73f000000e05d1aa63f000000e0a112d0bf000000e01e18a93f000000e0c41ec1bf0000008014dda3bf000000c0d372aa3f00000040e8b3bd3f000000c00657b2bf00000060654ab93f000000c0e584a1bf000000e0c484a13f000000a006acba3f000000c017a2a5bf000000806d8ba8bf00000000d805c73f000000202e95a0bf00000040c3a4b03f00000040a6549e3f00000040e632a2bf00000000838f8e3f00000060978675bf000000c07ab0c4bf000000e02c58aebf00000080b5dbab3f0000006045c4b6bf000000404ef19bbf00000000309bb63f00000000b4a1cfbf00000000f244c33f000000600013b83f000000a06896b6bf000000e0ea32aa3f000000208825a93f000000e016aab4bf00000040a2d6b9bf0000000050f8c63f000000c0be15d7bf00000020d244ca3f000000005e7cca3f000000e00bd2a73f0000004070eccc3f000000404edda03f0000000084b9be3f000000803d2fa73f000000a0c726adbf000000c0e94bcabf000000606bab8abf00000000aebab23f000000008f6fa0bf0000004065f19cbf000000408665aa3f, 'faces/komang/komang_face.jpg', 10),
(33, 0x00000000bb5fbfbf000000c04f5bab3f00000020060cb13f000000a0623b71bf000000e05894b0bf000000c09ea0adbf000000804f6176bf000000e03d1db9bf000000c009b4c03f00000060d9cdc0bf0000008050a7cc3f000000a0fed19f3f000000604ac6d0bf00000080b02aa4bf000000c0c3ca9bbf00000000ad1fc63f00000080f8d7bbbf00000060c7ffbfbf000000203b4cc3bf000000a06127b9bf000000403a3572bf000000409ce7b03f000000c01b0b7e3f000000e064b592bf00000000c12ac0bf000000002cd7cfbf00000060c83bbabf0000000084d1b5bf000000005556aa3f000000403943b3bf00000060b378ac3f00000060e3f6bc3f0000008081afaebf00000080f546a53f00000000ff2ba93f000000207401ae3f000000006905a2bf000000a0a9a8b4bf000000e06a21d33f0000008046a98fbf0000000051c1c6bf000000a05f5e9dbf00000040ff8f9e3f000000809cc2d13f000000c07d36c33f00000000931faebf000000e06fbcab3f000000203e9fa6bf000000e00b20b23f000000805474d2bf000000a09429893f000000e09f35c03f000000801cdead3f00000080e509b53f000000602f1fb53f000000a035c9c9bf00000020ab79a53f000000e0e1d4c13f00000080f426c8bf000000803a95ae3f0000006004d9ab3f000000c01116c6bf000000c0aa1fb8bf000000a0695c9cbf000000400ad5c83f00000080b1f6be3f000000603cc3c1bf00000000c205c4bf0000002040fcc63f00000080675fc8bf00000080d3c8523f000000601efbbb3f000000e0289bc0bf000000c0d288c3bf000000a02eb4ccbf000000c0c4ba973f000000604495d93f000000a08a31c13f000000402e6cc0bf000000806caea73f00000000f7e29ebf000000204b19a4bf000000e0e333ac3f000000c01c39ac3f00000000ba1bbbbf000000c0c24ab2bf000000c0217db4bf0000008009319c3f0000000082d0ca3f00000040a9f471bf000000e043498cbf000000e0b15fcb3f000000a079f1943f00000080a75c7ebf00000080f35e8a3f000000a0709890bf000000c0135b98bf00000080785bafbf00000000dbf693bf000000a05798a73f000000a01314ab3f00000020b4fac6bf000000203643a03f000000e09d23b63f00000000ea0ec2bf000000405728c43f00000060ceaca6bf0000002034f69d3f000000c0c4ea993f00000020f7199b3f000000e09bd5b9bf00000040ef71693f00000020fdc7ca3f00000040b1bbccbf00000020433cca3f000000006d21c73f0000000024c4333f000000607515bc3f000000a0058fb23f0000008018eebe3f000000a00a6ea5bf000000a08fc3833f00000040f224c7bf000000203f90afbf000000609159973f000000401329b1bf000000003811a23f0000000034fda03f, 'faces/mahendra/mahendra_face.jpg', 11),
(34, 0x00000060fec1afbf0000004083dfa23f000000c01d9eb83f000000205631853f00000020098799bf000000c05de6a6bf000000805bc28dbf000000200b15c1bf00000040c770bc3f000000e0f997c2bf000000009c2ed13f000000604190b0bf000000c083d1cbbf00000020a90cc0bf00000020155b813f00000000d85bc53f00000040cdf5c1bf000000e08779b8bf00000000ae9ca2bf00000080b8de7fbf000000203a06ac3f000000401813a7bf00000020109f83bf000000c050a4a33f000000004a17b2bf00000060c33cd7bf000000c09191bebf0000004088a6b6bf00000080a54a8d3f000000409a0cadbf000000c02076b3bf00000020ce42b03f000000c0f720c0bf00000080f82f95bf00000020410aa1bf000000406fb8b43f000000208c49a23f000000604cefb8bf0000000018f2c53f00000040df50adbf00000080802bc5bf00000020dc60a3bf00000040c1c9a43f000000e057c0c93f000000a06632c83f000000604743853f000000409298b03f000000c0afe4b7bf000000e0328fb43f00000000d1c5c7bf00000000affca33f000000805a0ca63f00000000a690be3f00000060456590bf0000008011c8a13f000000a0b098ccbf00000080dab791bf00000040e658a13f0000002010ccc0bf00000080a4329e3f000000c08e35a73f000000c0a7afbebf000000e0711babbf0000004039a6a3bf000000e04163ce3f00000040eeb8b83f000000c0f347b7bf000000c0d6dfbcbf00000080f52fca3f000000a0011dc4bf000000e0479282bf000000c0f988a6bf000000c0ab72c4bf000000009227c5bf000000c038d7d5bf00000020008c993f0000000022f1da3f000000201a14bd3f00000000c3cbcbbf00000020b2cab53f00000000b49db2bf000000204448933f0000008024bdc33f000000203564c13f00000040f0119dbf00000000e82e6ebf00000020e245c3bf000000209ed79d3f00000000a7aec63f000000a0e2e2acbf00000060440495bf0000008022d7c23f000000600962a8bf000000601bdfae3f000000c03bf7a43f000000e0023cabbf000000002bcea8bf000000a0aeada63f00000040c1bbc0bf000000c09d7ea23f000000a042dca03f00000080428bb3bf000000401498913f00000040055dbf3f00000000874ec4bf000000003944ab3f0000006092a08b3f000000005edb80bf000000a0513eb23f00000000eb337c3f000000e0413cc4bf00000060fcd1b1bf00000060f59fc33f00000060666ecabf000000c04ebbbb3f0000002084e2c33f000000401ed8a63f00000060ecd6c63f000000c053f5bd3f0000004088ccc53f000000600332853f000000e044278bbf00000040695fcfbf00000060b98ba03f00000020de44b03f00000000e85a8dbf00000020fd49b23f000000209355ab3f, 'faces/marco/marco_face.jpg', 12),
(37, 0x000000207da49fbf000000808b0dc23f00000080b1f8a13f000000803dc793bf000000c0d81cbcbf00000020042fa53f00000000ed5198bf00000060165cb6bf000000205441c03f0000004017d4b6bf000000407e5dc93f000000a0a310b5bf000000402f7dcdbf000000801d97b9bf000000e059c996bf000000203b6fcb3f000000802ea4cdbf00000080ba4ec7bf000000408a9ba4bf000000804d19933f00000080968cb83f000000004d6b60bf000000209bc3adbf00000080ab9ea43f000000e012f8b1bf000000c0e7a6d6bf00000040c664aabf000000600291b0bf000000e0e4829b3f000000a04c2ba3bf000000809737b3bf000000e0e06aa83f000000c09188c9bf0000000049e5a1bf00000000ffa39a3f00000000e387b03f00000020ded98a3f0000008053e4a4bf000000007c61c13f000000c0b96da4bf000000c0ccb6ccbf000000607260bb3f00000080af5cbc3f000000c040a2cf3f000000606db0c73f0000000039c2aa3f00000000ed4780bf000000a05231b0bf00000020c768bb3f00000000085ac5bf000000a04b40883f000000e0fe20c33f000000009422c23f000000003d87a13f00000000a812b03f00000000ed9cc7bf000000003d4473bf000000400e6ca73f00000000acdfc1bf000000a0222fa43f000000c0c183b23f000000a0bd65b0bf000000406bc0963f00000020af77c0bf00000000ff9ccf3f00000080fe917f3f000000804c7cb6bf000000c022c0cabf000000805d39bd3f00000040f621c4bf000000206ebdb9bf000000e03148883f00000000716ac3bf00000060c4ffbebf000000205ce1d6bf00000020c2a4833f000000001279d73f00000080053dbe3f000000e00f37cfbf00000020d190ba3f000000005047883f0000000050312abf000000e07216c03f00000000ec49c13f00000080243486bf00000080f5a6a73f00000060034fc3bf000000005b54a0bf00000080aa05cd3f000000406033aabf00000080ef6aa1bf000000e00469c93f000000c051be93bf000000c0d9aa963f000000c03e899b3f000000e04008aebf00000080a7f8aabf0000000076435fbf000000603f2dc7bf000000404eab92bf000000600be8a6bf000000606a83b4bf00000040712fadbf000000803ba8be3f000000a0ae62c2bf000000c0dd24a73f000000a01d6198bf00000000aa27a83f000000a042ceb0bf0000000034e5b03f00000040eb69c6bf000000c057e0a0bf00000000ca2ac23f00000000faffcfbf000000402c3aca3f000000806a4fc43f000000200c75ab3f00000020aa78af3f000000808ac4bf3f000000606f2ab73f000000008dfe98bf000000003234943f000000804fedc8bf000000e01ad5b4bf000000c073dcba3f000000c01d74b3bf000000e0277ebd3f00000040b9eeab3f, 'faces/yeru/yeru_face.jpg', 15),
(38, 0x00000080e3d6c0bf00000020b5dca73f00000060740c913f00000080cfedbabf000000808538b5bf0000004095ad72bf00000040e78ea5bf0000006064f3b4bf000000806e08c43f00000000b4f2bfbf000000c07fe5ca3f00000000a3c8b4bf0000006083efc4bf000000409d9bb7bf00000060ad64a03f000000401975c33f00000060acc5c7bf000000e0a7e2b8bf00000060a00eabbf000000e08528a4bf000000a0fd0fb03f00000080022baebf0000002002eba03f000000006fbcbb3f00000080a62bc3bf000000a0f35fdebf000000407a5dc3bf000000405015b4bf000000802182973f0000004043e4b3bf000000e0ea3f95bf000000c0dbd4b23f000000e0925fc4bf000000009abb583f000000407e5c98bf00000000149cb83f0000006085f3833f0000008059c5b6bf0000006042aac43f000000808e45a33f0000002057fec7bf00000000ff9b8b3f00000000a84e5bbf00000000d8ddce3f00000040da65c73f000000409afea73f00000060fa56a23f00000060e537a0bf00000040bcf6b33f00000020b651c2bf000000205ec1943f00000080e1dec13f00000080590ba23f000000c02caf693f000000405351813f00000020e55eb9bf000000008b96ac3f000000202b57b93f00000080516dc9bf000000802d318ebf000000a0afe7a03f000000203691c1bf000000c00c4eb2bf000000200309a6bf000000c0cc95ce3f000000e091bbc63f000000801b4ebfbf000000408c37c4bf00000040c852c43f00000020cb02bdbf00000000383585bf000000e0cc69acbf0000006036d5c8bf0000002026f8c4bf000000e078abd2bf00000040362dad3f000000604abad83f000000203a73c13f000000a04a46c9bf000000c02098a63f000000e0c89ab8bf000000803793913f000000007861ba3f00000020f42cc43f00000080db99b7bf000000e0053b9abf0000006035eab6bf000000402cd4ad3f0000008017c7bc3f000000400009903f00000040bdf399bf000000200047cb3f000000004b5b97bf000000c016f4b53f0000004093219a3f00000020754e88bf00000060c87dc1bf0000006042e8a23f00000000b810b5bf0000000010d3473f00000040da99b43f00000080029aa4bf000000c0e995903f00000000eedcc23f00000000f258c9bf00000060df37c53f0000008030db5f3f00000000d00568bf00000000121cad3f000000c0fcdda83f000000408f79bcbf00000000e1a7b5bf000000a0ee07bb3f000000e08c01cebf00000040f83cbe3f00000040f995cd3f0000000069b1b33f00000000cf5bc53f000000c0f6c3c13f00000080d6c7b63f00000000e039013f000000c02979993f0000002058abcebf000000404a40a63f000000404b1db33f0000006094e79dbf00000080853ca23f00000060d184913f, 'faces/zahid/zahid_face.jpg', 16),
(41, 0x000000001a98babf000000201e61c63f000000608464a6bf0000000091f7b8bf000000a0cc34bdbf000000e0d183a1bf000000e07cada7bf000000009409c1bf000000807081c33f000000204a6eb1bf000000204a99cd3f00000000084c9cbf0000002074accabf00000020fe39b2bf000000802142a5bf00000080b0e8c13f000000e03c35d2bf000000006a92c0bf00000080d5fcaf3f000000807f5476bf00000020962abe3f000000a06cab9c3f0000004027eea13f00000060c829bc3f000000004906a3bf0000006000d4d5bf000000608421bebf000000a0e22dc1bf000000608a2db63f000000403480aabf000000002268503f00000080ca6c873f0000000059efccbf00000060b03eb2bf000000c08959933f00000040ad3d943f00000000c4d5a5bf00000000424ba6bf000000c0f547c33f00000060a80b823f00000020b1ddc1bf00000040530e923f000000e032fcac3f000000205205cd3f000000209c38bf3f000000c0f4e1b53f00000060dcfda13f000000802a4bc2bf000000c07d50a73f000000c003fdbfbf000000c002e0a73f000000608a05c53f000000e0ffaebe3f000000c0e28da33f0000002000f59abf000000a06a91c9bf00000040ba747f3f000000400841a63f000000206000cabf00000000e63db33f000000204a94b53f000000a0988f90bf00000060b5caa6bf000000608b54b1bf000000204aefd13f00000060c19bb33f000000e00498c1bf000000c0e475c7bf000000a09444c43f000000c09503c0bf00000060ac39bdbf0000008061a8b13f000000809118c1bf000000a057fcc6bf000000407091cbbf00000080efbda33f000000a07bf1d63f00000060c408b73f000000206a0fc0bf000000609078af3f000000403089b6bf000000c009d6a4bf000000809c4e903f00000060598bc33f0000004013bfaebf0000000011f66dbf000000e073a7b4bf000000c0f6d0a13f000000006025c03f000000c0d069a8bf000000606b77adbf000000800579cc3f0000004027e2a6bf000000400139bd3f00000040c67f8f3f000000408097ad3f0000000056fbb6bf000000407d39ad3f0000006048f4b7bf000000209b4d9dbf000000406cc1923f000000002e54b1bf000000c090b2adbf000000c03f48c13f000000400b06c0bf000000c0888fb93f000000c0273e8dbf0000002039a980bf00000060497da4bf00000060e647943f00000040c311bdbf000000405e32adbf000000a0944dbd3f00000020c884d0bf00000040732bd33f00000080f014c63f000000008307ac3f0000004048fec13f000000008b4eb63f000000609b1fb43f000000a09dc29c3f000000c004a8b3bf00000020798ecdbf000000c02ea7aabf00000060857cba3f00000000f300b2bf000000e0ab05ad3f000000a0ef747cbf, 'faces/satrio/satrio_face.jpg', 14),
(42, 0x000000008ed1b0bf000000603028b13f0000004048b963bf000000c0611190bf000000a06cff843f00000000bc66b8bf0000008094ab663f000000c00dd7b6bf000000e045dfc33f0000008095368dbf00000000c40bd13f000000c0cf9eb0bf00000080034dc3bf000000a05e4ac3bf000000007bb4993f00000040dc9bc83f000000004583c4bf00000080a821c1bf000000e071b9b8bf000000e07db79a3f00000040fd68b03f000000408f418ebf000000207438513f00000040ab17b13f00000080793bb8bf00000040234cd6bf000000801146b5bf000000a0fb88b2bf00000000b2348c3f00000060e2b5a0bf0000000055697abf000000c02ee6b33f000000a07835d0bf000000007941bebf000000807248b03f000000208481b53f000000009c189dbf0000008021e5a4bf000000007381cf3f000000a092cc70bf00000080182dcdbf000000805f5ca13f00000080047baf3f000000e09d46ce3f000000e0d47dc33f00000080a453b33f00000080ac8a8abf000000e09bebb8bf00000080fb2bad3f0000006060f7cabf000000c00296b23f000000e07b28c23f00000060a747be3f000000e0701ab53f000000009226983f00000040f268bebf000000804bc1b13f000000807deda63f000000c006d3c9bf000000204df2a7bf0000004096bab03f000000e0e5beadbf00000080d6f1a6bf000000a041b4b2bf0000008076c1cd3f000000003fa9b13f000000c03a7fbbbf000000a00f22b9bf00000000da9fbe3f000000c08436b7bf00000060a293a6bf000000c032bab33f000000405c76b7bf000000803b64cbbf000000c03662d5bf000000807a5fa93f000000c01a4ada3f000000a0ffb7bf3f0000004007c0d1bf000000c0707ea73f000000808c3aa5bf000000009e0296bf000000402944c53f00000060d87cb93f000000805a26803f000000e0bd4b983f0000004045c6b9bf000000402ef29d3f000000a03fe0c53f000000806f9d95bf00000020694aa8bf0000002088d8c93f000000002c85503f0000004040c4b63f000000e07234773f00000060efe99c3f00000040864d923f000000c09654aa3f000000e08595c1bf000000a000c5923f00000040b527be3f00000000fd92b63f00000020596e7dbf000000c04c2abe3f000000c0070dbfbf00000080518dc03f00000080d4e2ad3f0000008007647f3f000000a09760a13f0000000079c4a03f000000809bfcb3bf00000040b8ceb3bf000000e00542b03f000000407cbfcfbf00000080b3c6cb3f00000080dd92be3f000000e0a709aebf00000000f3bdb93f00000080d7eeb13f000000602dfab83f00000080590d91bf00000080b520afbf000000203edbd0bf000000c02ddca4bf00000040196fc03f000000204c7d923f000000c0753dc03f000000605199953f, 'faces/nabiel/nabiel_face.jpg', 13);

-- --------------------------------------------------------

--
-- Table structure for table `accounts_user_groups`
--

CREATE TABLE `accounts_user_groups` (
  `id` bigint(20) NOT NULL,
  `user_id` bigint(20) NOT NULL,
  `group_id` int(11) NOT NULL
) ENGINE=InnoDB DEFAULT CHARSET=utf8mb4 COLLATE=utf8mb4_general_ci;

-- --------------------------------------------------------

--
-- Table structure for table `accounts_user_user_permissions`
--

CREATE TABLE `accounts_user_user_permissions` (
  `id` bigint(20) NOT NULL,
  `user_id` bigint(20) NOT NULL,
  `permission_id` int(11) NOT NULL
) ENGINE=InnoDB DEFAULT CHARSET=utf8mb4 COLLATE=utf8mb4_general_ci;

-- --------------------------------------------------------

--
-- Table structure for table `accounts_voicedata`
--

CREATE TABLE `accounts_voicedata` (
  `id` bigint(20) NOT NULL,
  `is_trained` tinyint(1) NOT NULL,
  `gmm_model` longblob DEFAULT NULL,
  `user_id` bigint(20) NOT NULL,
  `scaler_model` longblob DEFAULT NULL,
  `threshold` double NOT NULL,
  `margin` double NOT NULL
) ENGINE=InnoDB DEFAULT CHARSET=utf8mb4 COLLATE=utf8mb4_general_ci;

--
-- Dumping data for table `accounts_voicedata`
--

INSERT INTO `accounts_voicedata` (`id`, `is_trained`, `gmm_model`, `user_id`, `scaler_model`, `threshold`, `margin`) VALUES
(59, 1, 0x80049529020000000000008c21736b6c6561726e2e6d6978747572652e5f676175737369616e5f6d697874757265948c0f476175737369616e4d6978747572659493942981947d94288c0c6e5f636f6d706f6e656e7473944b088c03746f6c94473f50624dd2f1a9fc8c097265675f636f76617294473eb0c6f7a0b5ed8d8c086d61785f69746572944b648c066e5f696e6974944b038c0b696e69745f706172616d73948c066b6d65616e73948c0c72616e646f6d5f7374617465944b2a8c0a7761726d5f737461727494898c07766572626f7365944b008c10766572626f73655f696e74657276616c944b0a8c0f636f76617269616e63655f74797065948c0464696167948c0c776569676874735f696e6974944e8c0a6d65616e735f696e6974944e8c0f707265636973696f6e735f696e6974944e8c0e6e5f66656174757265735f696e5f944b0d8c0a636f6e7665726765645f94888c08776569676874735f948c136a6f626c69622e6e756d70795f7069636b6c65948c114e756d70794172726179577261707065729493942981947d94288c08737562636c617373948c056e756d7079948c076e6461727261799493948c057368617065944b0885948c056f72646572948c0143948c05647479706594681e8c0564747970659493948c02663894898887945294284b038c013c944e4e4e4affffffff4affffffff4b007494628c0a616c6c6f775f6d6d617094888c1b6e756d70795f61727261795f616c69676e6d656e745f6279746573944b1075620bffffffffffffffffffffff7e05ad7c87cec13f42325c128529c13f83f224ed698ab63f711889dbd1a7c23f50a85e452ff8bf3f358817992671c83fd8f1b2474e60a33fb99d27d19ad5c13f952e000000000000008c066d65616e735f94681a2981947d9428681d682068214b084b0d8694682368246825682a682d88682e4b10756208ffffffffffffffffe7a3a60506dcfd3f47ee30bc3937f4bf5afee57116d703c0acb39fc00acac7bf83fd6415d33f01c04d9fda1f8127b43f6fcad067c50a03c06730b202ab2cf2bf87838431741d01c041445af0d842fe3f2063c908b31f00c0bcf3b85ad3a2f13f468b15f1cc7c03c0b52b46196746e83f11578440585201c03322899951cfbc3f4b08c8e13e37eabf176f4684f6d6f6bf6da7904edb49e53fbcf7f4b61bc604c0278426e0c5a1a83f84a8b9b02700e6bf358e66b19e2cd33fa741e5a474d1d6bfe1c29b61c873b23f0653853e1ff9f0bf9e21bdecbaa3f43f4a9db179bbbe00c0a22f38d70cf4dfbfc1fbe6e2c3c8f83f1c7129f66a22f5bfc82c19693985dabfd111d394985203c0ec481de8305debbf07122894439e02c0a4682bfd4615dbbf1d03c3b04283fdbfa077cf45ed0bdf3f1445f6bb785f00c0ea27c7e3f2c6ee3f9b1e84227230e8bfd6411b4a6d92f5bfb40895b397cdbe3fe65b2907f856fabfa99f19d79201f0bfb778231fc090d1bfc57c5f438bf0f2bf7b339bbead6607c0d7f5b4829396cabfd2cb301ac8aeecbfae4de5486ba2c2bf492e8d4c1de9fdbf0ec730662c08f83fe3c44e9a416af4bfe666244aef3cffbfa7bce96793f9ea3f32d834f9ca6ef6bfbbfea1660243d5bf495cf916f52e03c058abf2442b6902c0944db29f271bfebfcbb0b97ac0f6d43f96080e2223d7fcbf2b724a59cfafd83f49067a61905300c065a6eef16981fb3fb4110eb7bd94efbf3a404a72a8a6fcbf93f88b608a6aedbf4eb30c545e06febfa859d613d6ace33fbfd6edd73b100cc055919d64302de3bfba692eebbdd6d0bf3f934b172e2bd6bfcf8c594c5545ae3f523eba292d61f13f5105ab24797c06c062ac089a07f9fa3f524992b75fd8f1bf39db98d29c49febf77ad28c6ccebd8bfeb450163853208c0feb657d4b5a8d9bf633df538c1bee8bf5152ee2290c6e1bfe8888e7ff76b0bc0983e931c21c0f03f23d8c52e216afabf13bb21207f6d0340d44b308aa5acfdbfdfc33a557a32f23f14b87ebadc91f2bf7abd96f6542df1bfada96e5d18dedabfbc973ec9773cf4bf0ed7ab43e7dfdb3f795a6be6394006c0e1847cd8f70eebbfac24b0afd5d6efbf30be67c3c4bda03f6d9542be9834a8bfec98507801dab5bf668e5796c2ea01c09534000000000000008c0c636f76617269616e6365735f94681a2981947d9428681d682068214b084b0d8694682368246825682a682d88682e4b10756202ffff6c000b93f4d1ad3fcc4dc18ab880a93f9b33b402037bc13f915982e6ed47d03ffbe5b4df1c1ecc3fa35006cf599ec43fe709df3b6707e13fd723cb9db328e13f273bd138ffaee33f5b6210ad5fd0e13fc78816af92f7e13f95c3d49e9357d73f2d2e6562e327d63fcf64d7a970f2f13f8f0f6f751ce1ed3f152664bf260de63f12013d420b91e43f2de1562f9bc3da3f35d620153b76ea3f53936fc8f87ef13f5c7895b88214f13fc16cb989a559e83fbc3043c20082f23fa5adab75c271f03fc8c7cac9c635e43f31f7f76bff24e43fbb3ff8165d2ecb3ff6bdd4f883c6bc3f71c3394e0931d53f3b1ef58f16cae43f91adc63b0a90d13ffc783ef2ee35d03f6f8a558a4787ea3f51e47701c473e63f2f7231779fb2e83f7da09eba87eade3f1b096b194d68e23f331ed7993679e93f9ff9cedca21ce23f3b7c04da020ac43f3c8ee7a972a0a23fbdbd1972cdfadc3f374d2e037404d23f273927c6bd80ef3fc9cfa218b062db3f16a679323c2ae43fc5fc0c978115ec3f67570030dc63e33fd5aba661ded5f33fa86c3b6334d8ea3f9c631e6d5f89f13f1390e2eedff5e13fb6471ececf97ba3fb6b86324b062b33f2bf893951baec23fa50eb45baaccd63f6b5be89117c4cc3f522c45e10bf8d33fa70dfefbf3f6eb3f0f6e31940796e23f177cc2b1049eec3fbfe7ee2bbc9ade3f4b9e26fb502ee63fa06e45719d16dd3f47b357a3ab90e23f2c12f927ac6ca53f9612b8217475b23fbb6797fc1e2bca3fe9279a4e51c3d43f05bbbea42c16da3f6cec826fbe53d03f17a5d026c14de23ffde51ac854e7ea3f264e433d89c7e73f62a8653f6727ef3f7d12e73469aae93feb8540402e6be23f3345915b2fc4fc3f76887fd75f36b13f6c2f565a1d29a13f7612eaa4c5a5b33fc13db51a03d3c03f6d58fd12bdafd03f4df66fb09aedc73ff44b72bbd2a1e13f96cf5d4515b6bf3f1b000ed01bbecf3fc5efdcce371ee03fab85f4bd2473c23fbb811d624191cf3fbd0f383cb42fd03fb9d8766446cad53f1b82baf0d9d8c43f6b23c7538b2bc53f4493399ebed4df3ffdb840190debd93f0179b9d29aa8d43f177a831ec46de43fec10842c71bee03f2c4282b58603e83f2e7e05471a6fed3f3d8a0b03ad8feb3f10e281e5680ee13fb756fb42b9fced3f953c000000000000008c14707265636973696f6e735f63686f6c65736b795f94681a2981947d9428681d682068214b084b0d8694682368246825682a682d88682e4b1075620affffffffffffffffffff72310ab51193104068c18d382fec11408393d69ae3a50540a9de8d2001b9ff3f055ef6ada3110140a74c1e85c4ee0340f02af851e4eef53f90270de391d9f53f61f4aa9d8d66f43f64d14de8c671f53f7cd5bc7f555af53fed3ea9d6587efa3fca89115f8d31fb3f8dd33a77e136ee3f0ff47c0fdd8ef03fb45bc44a3446f33febdc7d4136f5f33ff309b7cdefbdf83f460852794698f13f79045401f399ee3fad9d64dcbef8ee3fc1e2837e8557f23fc9919d75cbc0ed3fb9414f748e90ef3faf4aeb451422f43f97a370ff742af43ff663708a475c0140e4ac486e8fdc07403b451d822ccefb3f9b0f9dc6c1d9f33fc05540b2108bfe3f8bc1d2ec97caff3f8be6d5369e92f13f20fbbd02f619f33f73384f775d36f23f609add9f4805f73fde04241a8e18f53f1744fd24d3eef13fe8f10a437144f53f59171792043804404da71989aaf8144015cffaf5fec6f73fdb1a392bc327fe3fb4b46eb13020f03fce696466a975f83f7ebf4169d627f43f718d0f094114f13f18884859ee8df43ff359984a7bbdec3fb7195c660d78f13fba1cee80de90ee3f2aa8b2e8575bf53fea962def46d208402ac729795f120d40e80bf835fef00440f7fbd4de94cefa3f711257751de000407faca766d8a4fc3f476e33f9921df13fbb6a45668afef43fc6c73e9353ebf03f2bf3ebf53723f73fecf68b12c637f33fbbe6803b9ebbf73f59327de89101f53f3223d0bade8d1340271460e7e6ca0d40022390a274b101406d3200e74317fc3fa9a3cad2a70ff93f2fc04ecc84adff3f32c3bfe5d427f53fa20672812373f13fa3f5378e898ff23f8d3699463f37f03f674547e09addf13f707c33e3e716f53fed1c12db86dde73f2128064b38da0e403cae05924ed915405527235193e00c40c517a457f01006404cf2c0b9b855ff3fc81283f7bf8002403f975819038ef53fa9a48a36eeba0640394874a892100040f45179705e8bf63f165381525a1205406385bf55f81b0040a0ec8669b5d0ff3f9a8ff804b96bfb3f4fbc532ab9d20340cf0257d4dbab0340d7c43701f9aff63f1e0d266f7824f93f968b4d6a6729fc3f5c8efb516a06f43f5358f5127a1ef63f0f30e6f74b78f23f856b4891cfaef03f495f4973863df13fef00939862eaf53f7b486fb53b87f03f9533000000000000008c0b707265636973696f6e735f94681a2981947d9428681d682068214b084b0d8694682368246825682a682d88682e4b10756203ffffffe796863f6b2b3140cfedbcc9821334403d8c72692d4a1d40f0511bc49f720f4032a307448f3512402ffd0ddcfdd4184078296c2c0611fe3f907c637eadd6fd3f9517ab5cf302fa3f87530635d3bdfc3ff99df5721e7ffc3f531d643943ef0540204dd14beb1b07409a49b5de4487ec3ff50dbbbeb522f13f4877cb3bf037f73f5996d8e90ee5f83f1b9f45144f21034058d105fe3e59f33ffa976f458c43ed3f491e0770f3f9ed3fad63c21ccb06f53f0199be53faa9eb3f8c82ea05a122ef3fb1120f457b55f93f24302e28956af93f3cc2263e2cd61240f7c23765feca21409085da781b290840863a0bd9bfa0f83fd2e54da71b270d40a685b7fb88950f4053c50bc2cf4cf33f6f5a1266d2cdf63f329479050bbbf43fae552545998f0040ff08dbb39ad0fb3f48ff08836d19f43f1d5cd815ce44fc3f43aa398dcf8c19407be37304c37c3b40c1f1abfce3aa01408ec46a59bf6a0c4083543726a240f03fc71fd4bb2eb2024094c19e37fb63f93f150de0d6233bf23fbb94f9e5be67fa3f31cbc6bcf9cfe93f0b558e42a112f33fcff3510a3132ed3f76e9ae3cd081fc3f1fd6642ad04023402fe1209857692a4063210661a9681b40dfa28389e77406409fe7b9237ecc1140a70f79e3cba30940dbb79afb0e4ff23f8bcd896e2b8cfb3faf70374f2ce4f13f6ffe4e34c7ba0040d0f75fd73815f73f3d2aef79ff990140df46b8291f94fb3f987067eddae537401366090dc9bc2b40083b5101c89013405c7e6cbec7a80840416322e27da003407bc2e031de5b0f40783c0804f2f8fb3fa2dfc501e807f33f64a96a2ffd87f53f9f0732513d6ff03ffc4de668e6f2f33f45b1387f41ccfb3f5844d46b6fcce13f66c60cacf9be2d40609809a4f5d53d403ca313df290f2a40a8d0ccdfa66e1e40dc026b89fbae0e40bd4f5ef5bb6515402b0b8b99b409fd3fcef925834b2520403ac2797b36211040f7495db001c4ff3fedfeca2542c01b4025d5ae90213810409cb7d5b6b0a10f400f72e2d9327f07408bd87c094f8f184058baf50e602f1840959bbb14be1500403ccd6abe25c10340b150568caac808407ae0745f0c10f93f232c8dc10994fe3f021cb5623352f53f8682ad0f1565f13f3dc8944aaa93f23f0641d056ac04fe3ffb18536bee12f13f956e000000000000008c076e5f697465725f944b0e8c0c6c6f7765725f626f756e645f948c166e756d70792e5f636f72652e6d756c74696172726179948c067363616c6172949394682a4308df4c079a83302dc094869452948c105f736b6c6561726e5f76657273696f6e948c05312e362e319475622e, 2, 0x800495ad010000000000008c1b736b6c6561726e2e70726570726f63657373696e672e5f64617461948c0e5374616e646172645363616c65729493942981947d94288c09776974685f6d65616e94888c08776974685f73746494888c04636f707994888c0e6e5f66656174757265735f696e5f944b0d8c0f6e5f73616d706c65735f7365656e5f948c166e756d70792e5f636f72652e6d756c74696172726179948c067363616c61729493948c056e756d7079948c0564747970659493948c02693894898887945294284b038c013c944e4e4e4affffffff4affffffff4b007494624308a34801000000000094869452948c056d65616e5f948c136a6f626c69622e6e756d70795f7069636b6c65948c114e756d70794172726179577261707065729493942981947d94288c08737562636c61737394680d8c076e6461727261799493948c057368617065944b0d85948c056f72646572948c0143948c05647479706594680f8c02663894898887945294284b0368134e4e4e4affffffff4affffffff4b007494628c0a616c6c6f775f6d6d617094888c1b6e756d70795f61727261795f616c69676e6d656e745f6279746573944b10756207ffffffffffffffe5a640fa1b457ac092b0851c915862402723642fdca42440aaef47d3d60d3940bb2b1ed385d52040dd2fa909e1841540bc59121786e012406c483d168e98f13f1cf9978a7ac402c03e06bce5b4db02c0b265f5afb4b215c076d241d109c602c08a93d337ef9afdbf952a000000000000008c047661725f94681b2981947d9428681e682068214b0d85946823682468256828682a88682b4b10756204ffffffffb757855662fcd340451bc479ca4db64048a79b518f349c401abea6c836928f40ad0a20e4b20d844067f8463c37df7d406c489dcca4537340d5a36f55ed8f6940466b68d865bf6b40fd2c903bc7c26340cd1d76196ba163404b4f11ba1dc76340bda0f661ed7b6040952c000000000000008c067363616c655f94681b2981947d9428681e682068214b0d85946823682468256828682a88682b4b10756202ffffd14ae790d9e161404dd3e4c90ae452409ffad601543e45401f87e9fdebc83f407be774b300553940179a76f0b1dc3540d98b1831ba9531407dca82fcbc992c400c575d0b4ecc2d40596e761782252940f749a7433f10294089c1f88344282940ec6e457898f72640951e000000000000008c105f736b6c6561726e5f76657273696f6e948c05312e362e319475622e, 16.771033429765286, 12),
(60, 1, 0x80049529020000000000008c21736b6c6561726e2e6d6978747572652e5f676175737369616e5f6d697874757265948c0f476175737369616e4d6978747572659493942981947d94288c0c6e5f636f6d706f6e656e7473944b088c03746f6c94473f50624dd2f1a9fc8c097265675f636f76617294473eb0c6f7a0b5ed8d8c086d61785f69746572944b648c066e5f696e6974944b038c0b696e69745f706172616d73948c066b6d65616e73948c0c72616e646f6d5f7374617465944b2a8c0a7761726d5f737461727494898c07766572626f7365944b008c10766572626f73655f696e74657276616c944b0a8c0f636f76617269616e63655f74797065948c0464696167948c0c776569676874735f696e6974944e8c0a6d65616e735f696e6974944e8c0f707265636973696f6e735f696e6974944e8c0e6e5f66656174757265735f696e5f944b0d8c0a636f6e7665726765645f94888c08776569676874735f948c136a6f626c69622e6e756d70795f7069636b6c65948c114e756d70794172726179577261707065729493942981947d94288c08737562636c617373948c056e756d7079948c076e6461727261799493948c057368617065944b0885948c056f72646572948c0143948c05647479706594681e8c0564747970659493948c02663894898887945294284b038c013c944e4e4e4affffffff4affffffff4b007494628c0a616c6c6f775f6d6d617094888c1b6e756d70795f61727261795f616c69676e6d656e745f6279746573944b1075620bffffffffffffffffffffffa2fff9ef5ed7ba3f0c47b907213ac13f072a7c80a357ba3fc078e775e107c23f395cf5f41a93b83f8b3ad0217d40bd3f48524c4cdaadc33fb80d75f2d58ec33f952e000000000000008c066d65616e735f94681a2981947d9428681d682068214b084b0d8694682368246825682a682d88682e4b10756208ffffffffffffffff2a74e18cde34f93f1772f64d8f57f0bfa938948fd126f8bf7122ca70d3d3c63fec784707477bd3bf4a12322fb278f9bf64e424675a7800c02248a8d3d80af5bf1d76e35bff1ee33f2c4781994b90f8bf11a557a245a7d13fdb67d161d4b3b3bfa6dc0d2bdc6fdabf9589d6abdd81ed3f83661a6fbbe3f0bf2547d33a4851ecbf0cdb5c59b870e7bfc38a71b9c9f2d3bf14c1e5482ba2d0bfcf383e306732f1bfb772876369fde6bf94de86b78ab0973fc8021a235c3fbf3f296942fafefee43f9855acf945cecc3fc458d6497623f0bf227b557d1e2bf33fe3fe09fa9d0c05c0b36ffce289afcabf93e152a8eb79e0bf12978e4fa65fc0bf4f299ee0daefb1bf144914de21bf02c0cb5ba34ae828ca3fa9860b61bd28d73f098c699ce3dcddbfef85a2b13d30ddbf6799f1760e12ea3fecf7d1ee7659ebbfd91a26760625f23f32e5bc1c2633e3bffb3967253299e2bfa128bdf2448be1bf70d07e00b5f5f4bf3f63ec0392b3ebbfea2261c789db92bf26716d7eb86ef2bfb24e8346a79ee1bf4bb06afef5d3f4bf4ea8bb0f403591bf7e37242b8f18ae3f6737c09c0644f4bf33c3a64ae987ec3fbb7a28532925f1bf152c7f5fbccbf0bfb14f3eccd752ec3fad01a47d652adfbfc7884a09590ce6bf483bdfb2f373e3bfc28739154f23f2bf62c9d736291fedbf615cce488410e7bffd64e800fdc2c73fa417f84988bafcbf63f712d7c6b0e9bf589c72ab9fa1f73f00d8b9426659e5bfb2dbac761129fbbf98b49b96c8beb73f7b4273e4c836e3bf6dde6969604aedbf904361e2432ce4bf145d5dbf2b5d03c03995faac1d21c8bf2f0c93cc66a2e5bf15ae5b3dab19e63ffad7754c7dbdd7bf2faf6be66df9f7bf392a493cc771f03f4671f9a289ccf8bf82162cc05bcfe3bf20ad0abf552ef23f65a8185b552cb2bf2447c5053f73edbfeff0832bc4aeebbfd2d3ee6961c8ebbf5b2e495eb319e0bfd07b8e0d56e6f7bfcc8367081778e2bf6c0b0f5fac3fb3bf2ebdba81bfd7fcbf6ed2e0dbf00bfa3f6636b6a261b2e8bfd9ca549891adf6bffef7ca5378fbebbf1f1e8c518d4ad5bff7357a376214e8bfd3454c8f2512fabfe515ad049782e6bf6e965d889c10db3fdb32ce74ef92d9bfd8501d11958af53f141ec4eb8934e4bfd60ac6667740f5bf9534000000000000008c0c636f76617269616e6365735f94681a2981947d9428681d682068214b084b0d8694682368246825682a682d88682e4b10756202ffff1659eaa41eb6b93fcc81ad6bb4edab3f4b60c7a0bb42c13f01ee705478bfd13f297317a74194d23f3b963715e651cd3f7f2663694928e13f81a817b89b4ce53f4ffd534c025ed53f2169bdf6b31cf03fed7e436c5727cd3f7aeca75e9b62d33f32081a2949b6c83f1bc45e669c99d43ffbfc7d896434c53fc756048a6a17c43fa322feecca69ca3ffd787212a20ad63faba948be57e4cc3f27118610a82ce23f272bba803d64e63f311c8cf9a0efdd3f77a962379a4de03f6b45d1af8eb6e53f0260eb7e5561e73f9d1ebae943f0d03f158093a41c29d63fcdf46f299a08df3f19a78e42b8b2d03f32b7ca6a0e5bd53f2e024d2a9372c23f8c1bdee4a8b5c73f9d23cd79b82fd23f6c6c4e3d9938e73f3170a0544913d63fd1a7ba0b868ce03f95deb11f46b8d53f5d49c29e845fd13f1d8eb1169930d03f7bf32c1b0271c43f44c63a884fe7a73fe1d313d94e0cdd3fec81603c90cfd03f79496cd2893add3f65d54fbdc8a8de3f9931f6330525e03f297afca24055e03f37a014201e70e73f15980c287153d73f090b155cd354f13f487c1da92d31f83f17f97e6f47b0e73fe6ef4ac89a9cb13f588040c5ba699e3f13c5c6cce7fac33f3eae2a3e43ecb53fa3c9edfa9923c53f1175b24ead6ec93f3ab24a312fcebd3fc9be33e446bcd03f5f4f7351875bd03fc57c7d482810e13f8d7e15283f24e33fbb1a0724523bce3fa1858edaf0f6d73fac8c85ad3c76ad3fcc4e72769fe3a73f1b9ba64fd12dc63f2088373ee592d13fe2fefbf4f74de13f8ffbada09fcbc53fa30ae5464c5de13f07c604660e43e43ff0e9c46a3ecce43f544c26dc2016d23f31389ac2ed06e63fadf887680397e93fd5127bb12325dc3f530c8e8c2344cd3fcb3ce896eb82c23f14c5c155d258d43fbdb14e36126cd43f8ce738310e6cca3ff1535841def1dd3f6ab3abb74664e03f02f2e4af2df7e53f39ede9484ec2c63f773c84ee29d4e03fbed984ea5610e03f035bc56148edd73ffd0519168bdcd03f36cc87aa2beab43fdc57502336cda43f9b26ae051291c13f47d0041a8d61ca3f432dada750cbce3f1f707ba0c860c53fbb733ed4db42e23f595b2ba98997e23fb7633c33ca08d13fb34594b0006ddd3f95459bad44bbd33f78477cdf8214e63f15915ef82932d53f953c000000000000008c14707265636973696f6e735f63686f6c65736b795f94681a2981947d9428681d682068214b084b0d8694682368246825682a682d88682e4b1075620affffffffffffffffffff91daff784c3e0940381e0e3368201140494fb4bf11c9054052c681572562fe3f22f9fa362ab2fd3fa1e510751cb70040bd6cd682d5d9f53f049d7329919cf33f5fffa610dab0fb3f8ded366e72e3ef3ffef7573f4bc30040a0949f0c6f12fd3f7a8626e2033502409aafb540a533fc3f6b8835b2c0a703403b1d76b9443104405a691d876a9c014063c05f569343fb3fdbf887a8afd60040bad8309f0f3bf53f1a0b5d1d9420f33ff4cb6642fa64f73f9408155f836af63f8404024f7d6cf33f87d9d1d0eeb7f23f3fbe0d3cd019ff3fc6ccbb28cd30fb3ff0dc4f941efaf63f1679db85ec52ff3f363f130ec4b2fb3f001d5276ad120540283f987f87960240dc1b8ea8ce03fe3f9fc6d0bd52c8f23fcc6344d83a3efb3fa72c9643bd3ff63f046261961377fb3f661612229ab5fe3f4b502889d4cfff3f50fb87b7d3040440b2c4a2602f83124017c3a0c0d3bff73f4cb567980138ff3f7e0a982204adf73f9c29483fea1df73fcec3b8179e86f63f07c5a1d94265f63fc3db109b06b2f23f44f3afd5b180fa3ff09330bf11bfee3f083d965c2106ea3f1b63d7cfa398f23f9d78179829800e40ae7aeb9cd43517409c7070c1a73f04409e9675516f560b4042aac9908daf03409d95a2b889f20140f851c1ae16720740951c628df949ff3f389f3234faa5ff3f8ae86a4243e9f53fb84a36aaf9aff43f853c3c431676004009baff37ad25fa3f09f4de57caac104053b8dc1d9d841240aa043462fd3703402aa972599588fe3f524cfa08fec1f53fe3e1d9f9176303406cc4734f61b8f53fcafb33317a1bf43f54527c63bad8f33ffd1896720319fe3f74b2490ded48f33ff4325b095fe4f13f2ce5b5da9620f83f175314f009bb00408f9ac8ad5d0905406e96ac386860fc3f3e0aa16b0553fc3f7581b276a99b01409ad1fe4d1a64f73f9daf5318fd5af63f4dd650d0d54ff33f43a2b3e1e3f80240b7bdbd092f10f63f2cabb2731995f63f6c6082a3f32afa3fe718ce2dfb2bff3fe9fe9d3020fd0b404e48953544d81340a269ddd347980540942258882a9f014005d2fc486c4f0040113db6e84d9303406776adac232ef53fb089c265b0fdf43f2ec514ca6403ff3f5cb96f2cae98f73f07148427d4d0fc3f1cc52dadfd42f33f7f95e7286fcdfb3f9533000000000000008c0b707265636973696f6e735f94681a2981947d9428681d682068214b084b0d8694682368246825682a682d88682e4b10756203ffffff7a651bc6d0e923400ad1f00f1f553240c0923d65ada91d4004e2f60833d90c40523c8279cc8e0b40da4a4a85687611407105113266d7fd3f1ae33fd6d409f83fd5fe9e6041f607404e4a9f56fec6ef3f0cd3393ae68f114081d050e573690a4018df9166f8b71440429a518bb4da084044fed77648251840586dbe85c37b194020802e7f5b62134016a86155973a074084a474f39fb81140d2812505e32bfc3ff98d8d1ba2ddf63fb9f53763661a014076555c56ae67ff3ffcc9243b8994f73fc878adca1be6f53f37830347183a0e400e6f5aa1a41a07406b68d8098d7f0040fc775b2681a90e403c3d8e8191f90740fc563a241dc11b40dd712a10399815407fac00f023270c40b3044b41860cf63f18a765517c3107404407106546f0fe3f06c77e27ac920740afbe699a87780d40c230f094f19f0f402139a1bf120c1940e9edc8315e6b35405ad02b523ea001409a6ede1ce5740e40d22371665d840140982c3db21cb30040eb85635f9fb6ff3f32c78fb3f858ff3fbcdfe2af4bd8f53f66b4c78d26f30540e2405f22b68aed3f86a31963f729e53fa8c09ec2209df53f7ace224a4f122d4092ee5e2fbcd540402b4e8ba320a0194023844f51c55a2740cabc8265763818404e260c33c1211440411be35c972d2140bb491d84fe970e4073ae00a9f14c0f4072c961469901fe3f5be72a9e7fbffa3f872bf70e94ef10408cb33ad7655d0540310e1eb8de603140df32a4a9ac6e3540bc64ebb6bd151740c255e8ff5e220d40d8fbeae76a96fd3f564e3daabe7d1740271f03314c7cfd3fdb330dabe044f93fabab405d329ef83f78d83c04fa4e0c40ccb8be627f3ef73f93f2a08a0502f43fcc6b8d78033102406dad7a589e7e11400193b6639ba81b408d83d5d5d82909405e1079e02012094090f49986b260134068659bf41e190140e361db713d3cff3f3c6052292a4ff73f768ed660207f1640738e67b9916cfe3f40b35e6873dfff3f7c11809005660540f5007e1b735d0e40fec12b97f87a284082120c320d9d3840631721e265251d40823182bf69681340463f27d262a01040bd42c03125f31740f6c6b7b2a209fc3fb9419160ef89fb3fec95aba3930e0e4052c33ada52660140d763a710c6f20940d769d7f73230f73f6d07c56ed2270840956e000000000000008c076e5f697465725f944b0f8c0c6c6f7765725f626f756e645f948c166e756d70792e5f636f72652e6d756c74696172726179948c067363616c6172949394682a43087777dafdc1fe28c094869452948c105f736b6c6561726e5f76657273696f6e948c05312e362e319475622e, 3, 0x800495ad010000000000008c1b736b6c6561726e2e70726570726f63657373696e672e5f64617461948c0e5374616e646172645363616c65729493942981947d94288c09776974685f6d65616e94888c08776974685f73746494888c04636f707994888c0e6e5f66656174757265735f696e5f944b0d8c0f6e5f73616d706c65735f7365656e5f948c166e756d70792e5f636f72652e6d756c74696172726179948c067363616c61729493948c056e756d7079948c0564747970659493948c02693894898887945294284b038c013c944e4e4e4affffffff4affffffff4b007494624308a34801000000000094869452948c056d65616e5f948c136a6f626c69622e6e756d70795f7069636b6c65948c114e756d70794172726179577261707065729493942981947d94288c08737562636c61737394680d8c076e6461727261799493948c057368617065944b0d85948c056f72646572948c0143948c05647479706594680f8c02663894898887945294284b0368134e4e4e4affffffff4affffffff4b007494628c0a616c6c6f775f6d6d617094888c1b6e756d70795f61727261795f616c69676e6d656e745f6279746573944b10756207ffffffffffffffe5a640fa1b457ac092b0851c915862402723642fdca42440aaef47d3d60d3940bb2b1ed385d52040dd2fa909e1841540bc59121786e012406c483d168e98f13f1cf9978a7ac402c03e06bce5b4db02c0b265f5afb4b215c076d241d109c602c08a93d337ef9afdbf952a000000000000008c047661725f94681b2981947d9428681e682068214b0d85946823682468256828682a88682b4b10756204ffffffffb757855662fcd340451bc479ca4db64048a79b518f349c401abea6c836928f40ad0a20e4b20d844067f8463c37df7d406c489dcca4537340d5a36f55ed8f6940466b68d865bf6b40fd2c903bc7c26340cd1d76196ba163404b4f11ba1dc76340bda0f661ed7b6040952c000000000000008c067363616c655f94681b2981947d9428681e682068214b0d85946823682468256828682a88682b4b10756202ffffd14ae790d9e161404dd3e4c90ae452409ffad601543e45401f87e9fdebc83f407be774b300553940179a76f0b1dc3540d98b1831ba9531407dca82fcbc992c400c575d0b4ecc2d40596e761782252940f749a7433f10294089c1f88344282940ec6e457898f72640951e000000000000008c105f736b6c6561726e5f76657273696f6e948c05312e362e319475622e, 11.920917327175358, 6),
(61, 1, 0x80049529020000000000008c21736b6c6561726e2e6d6978747572652e5f676175737369616e5f6d697874757265948c0f476175737369616e4d6978747572659493942981947d94288c0c6e5f636f6d706f6e656e7473944b088c03746f6c94473f50624dd2f1a9fc8c097265675f636f76617294473eb0c6f7a0b5ed8d8c086d61785f69746572944b648c066e5f696e6974944b038c0b696e69745f706172616d73948c066b6d65616e73948c0c72616e646f6d5f7374617465944b2a8c0a7761726d5f737461727494898c07766572626f7365944b008c10766572626f73655f696e74657276616c944b0a8c0f636f76617269616e63655f74797065948c0464696167948c0c776569676874735f696e6974944e8c0a6d65616e735f696e6974944e8c0f707265636973696f6e735f696e6974944e8c0e6e5f66656174757265735f696e5f944b0d8c0a636f6e7665726765645f94888c08776569676874735f948c136a6f626c69622e6e756d70795f7069636b6c65948c114e756d70794172726179577261707065729493942981947d94288c08737562636c617373948c056e756d7079948c076e6461727261799493948c057368617065944b0885948c056f72646572948c0143948c05647479706594681e8c0564747970659493948c02663894898887945294284b038c013c944e4e4e4affffffff4affffffff4b007494628c0a616c6c6f775f6d6d617094888c1b6e756d70795f61727261795f616c69676e6d656e745f6279746573944b1075620bffffffffffffffffffffff23a201b400a3bc3f974d65c39404b83f74aafc62d88ec43fa7cd072093c2a83ff89fed4c09c3b73fa4f96f1983bfc23f34a37ff1949dc63f717de7671baec53f952e000000000000008c066d65616e735f94681a2981947d9428681d682068214b084b0d8694682368246825682a682d88682e4b10756208ffffffffffffffff797522d58457e53f465092fa47cbfcbf20e41cf75a2fefbfe42994e3f5bee5bfdc81d2109b97f7bfc4dc23c2a753e0bf8adaf522793cf8bfe1913e4669e8e0bf94d9512a6598f3bfebb49990e9a5e63fc1d76760f0ece7bf14c9437dcc76d5bfe53e4879414af2bfc798753c60b5fc3f77c270a17dcffdbf200504001702ffbf1883e41d36a3e43f2566cf5e60ac07c04003cd132456f8bf152fb66def11f8bf839b0e74108bf5bf3fc25d5770c0ecbffb2feba32313e0bf026707b1f8b2ccbfadf53f574267aabffdf7fdfc017cf1bf3a1ecc3d24cafd3f293a87dcdf90f3bf28c6737e3a5604c0e57800260fa2d5bf8633b0464d220cc0010ea1e1bd1eb53f699ec8a0d0e9e9bfd509d79e29e900c053087f89564de1bfd3a433d43047c93f80710ed94b6ce73f4974ddd2fa82ebbf5c25a8be8baef8bf69af5d742b29f03fa0e6979fb33d03c0b52ccd2e983fe0bf6d4350863b1ef63f1b130c37c365f8bf43d7883f3c7ffabf8ca6c539da5aa43fecb5f1068269fabf608801e5e191ffbfbd67b025563aebbf09491adcc0d2fbbfe683f05e009bebbf92c3fcfc6ecb04c0f74280825179f03f2356d781ace909c065a82403b4fbc13ffdbf2c897428e1bfe2b3fe17dc56f0bf1c3ecca5d503e4bf8612556aad02febf72e2a330a525f13f049509319da600c01aabfaefb48fd03f66bfbc384afbf0bf8be48407ceb1e63f0ddaf5de47aaf2bfbb4b7e7e8b54ed3fae3bc0b7aefdf4bfbf703a077adffabf97bcf5cc0697de3f914348e1b80afbbfbe6d1c662bacf0bf795537be6144e2bf97ac5fbc09a101c0a745d92feb84ecbf30ab15001cb3c53ffa40fae8f542d7bf1bfab832f976f4bfc78485c11ba6f6bf4ced19b45e2ef13fe729bb0f3889f0bf76968204fac7f2bfc1e4189ae2afe3bf9e0fb719dbdd08c093b1a3f3bcb4f2bff2d00d2bd608d23ffc29ee2bee3f03c023413358afe8f2bfcaf3a50a46ebd7bf0ec9f892bfe3eebff2aec0eadb53ccbf3aeb7b370183f9bff3580eef5870fd3fab9bdf31576cfabf0908f516d5d907c0ec022af91db1e6bf6e6f7778a38503c0d2a4d1dd5c35f3bf2cf31b56de65f0bf64c40f6a487bf1bf54c4dd51ff5bbcbf7a2998247814d53f517f39ec95fce9bf4e80b5924793f7bf40f07a2705aeeebf9534000000000000008c0c636f76617269616e6365735f94681a2981947d9428681d682068214b084b0d8694682368246825682a682d88682e4b10756202ffffe8b4de952805f13f6b46970d52e1cb3f636b098f3f63d93f5d4a3294ac0ee73fdd67576ebf5bd93f2db8c447dd42e63f178e29c3b19aec3f97ea00e2bfb4e13f69d47a4a0a37e93fd413ac3298b0eb3f0796606096fcf53f27b34bef98c9ec3fbda1353bd45fe43f6c89b76671ada73fb6280bcd3cf9b73fed07027d9d45dc3f2307caccccfbf63fed77d6f6a9c8da3f65f6c72d1f41de3fa52511e69c66db3f09f086607f18e53f9f67884f12b4e73f41cd5a097d3df33ff9e0dec46bc4f43ffb7963e94c5de43f3562c536d27fe73fec6ed383eb60a63fe6a928aca229b93f7b4ef9f10d50c43f4f2458bedba4d13f4dfca05c7564d63fed38c99854f5e63ff4c7cc67800de53f8f7ee12b9980e73f8f7097ffd48ae33fe73d90e6a91ce13fe5ed44e593f1e13fd1d42aefaefbdb3fc756b1a4a334e13fbbf8071e52a5c03ff648bd7d5e56ba3f1acce45ba142d73f2596323c5576d13f6bcc49d227c1ce3fdd6efc776a3ed23f3eabb26a8729eb3fbf98ad8093cae93f7dc43a382ecbda3f7324535bc7e7e93f3b18665836b8ea3f2e7ba636d43af03f0d3311b441aadb3fb5884b92c658dd3f0d9b8c5267d0dc3fbe6742b25170df3fae3beb17adfff03f8f616a7de097e23fddc8ea84c22fe53fb37987bebaa5e33f1dae6b217c59e93fa745cd4ddad6eb3f11d872aae0d8fa3f51195deead73e43f37c28d1bdacbe63f99c732ebc1f2e13f7b83ce5a51b0cc3fc6a8995a3f1cb33fcddee49a2d94d13fa517847a3f67d23f036a81a1407de53f814a9b87d37edb3ff55f801e4ee3e13f4704c74ed34ee63fda760efbbd70f33f817f2bb9f96bdf3fd3ef5322ca62f73f256376167512e43ff3bff6e6ea46ea3fdd515f00b4f6d03fb3def9cb1295c13f1737efe98771ec3f0d93a25d7780d83f7bc67c007527f43f51cb8f1befeee73f66ab9aea03faed3fc7db3e188ab3f23f6444c2a5b673f53f82a6d4d16a47f43faa5914c3661bfc3fdace7d0cbdbbdf3fef0dff4bc445ec3f2c54ad8370f0a33fb62d4ae628b4b43f0d4be44ee824d03f396f53604018d03ffb5e6eae31bbc43f0d364b9ac019d23f51f391929ed7d93f357dd930e570e43f494475c1b943d73ff55f2ae7355fd53ff2ec6a4077f5e13f155dab42fbf8d83f719c57a4c530d43f953c000000000000008c14707265636973696f6e735f63686f6c65736b795f94681a2981947d9428681d682068214b084b0d8694682368246825682a682d88682e4b1075620affffffffffffffffffffcc4cb98fb306ef3f86e67e8b3524014083a7dc4c5e67f93fc1b3816c5ed9f23f7ab515ce1f6bf93fb6e88b70e52ef33f8c7fff344fecf03ff04ad8da7a82f53f89f153c24b06f23f63d065ea4333f13f27d9f851474ceb3f78a6784a80def03fa00b4483420df43f792923e4c09912404125cc8f6c240a40dfec5c5db712f83f349aa9dc09b3ea3ff3a682a899bbf83f68051eff6245f73f0dde29dde873f83f10a15a31bbb4f33f41c255e82697f23f2117869b6c2eed3fe5dc29db8416ec3f89b82b2a810ef43ff262696cc6abf23f5086454fff211340b09dc5d762840940644be9350a150440d2299d730679fe3f7b978b10ad0cfb3f9ba381ebc2e3f23f57d529f8dfb9f33f4852536477abf23fe2c55b556579f43fa403050640e1f53f36517765e65df53f9d75d2756f32f83f29c7dc1afcd1f53f2b42629d242f06405a868b5d0af10840b88cd9f9438afa3f192eb7dc83a1fe3f5f02b1b81d5200404671d696b5f7fd3f9c6bcafed25df13fc9d80b7273d2f13fa136ae4770baf83fb5cdd10865c8f13fce20f68d7f82f13fecb09b18ccc5ef3f12018575f155f83f9213c884cea0f73fec9134f276d8f73f5f6e988318d4f63fc3b716fdb30bef3fa7b62f627ffdf43f6a8135bae6a9f33f400fb5c35c6bf43f17a747a908faf13f9d62df3d6e27f13f936abb9f20b4e83fe0fa39008503f43f9f097887eaf4f23ffab1599c325df53f1141d151ede5004091b1ecb7c2470d407780a8277887fe3fb024f55264d6fd3faaa3fa235286f33fbd92ea242269f83fd2c17ce26a66f53f80ca4b30c029f33f7c798b69db07ed3f232fd864acd5f63f20e34618fe77ea3f1729231ac333f43f0c4df57616a8f13f65c2e7e3e813ff3f340bd05dd295054038ba37a789f8f03f9df24ac0e3dbf93fcab49d971383ec3fa143d75e3c80f23f5ec456d6fa87f03ff27929774999ed3f16dc375fd4a2eb3fc2d852f0926cec3fbb76ee77c424e83f027b409ce7b8f63f0312b21fa705f13f967ade7df7441440ff83927e8a210c401840401157dbff3fe40ea30edbe7ff3f5b6ccdf4e1e00340d05d6cf8ff15fe3f310b8b91ea2df93fd0403de0e104f43ffec6eb07a489fa3ff8ed1ec712b0fb3fe1f7d126965bf53f230cb949329df93fb59f70197f7cfc3f9533000000000000008c0b707265636973696f6e735f94681a2981947d9428681d682068214b084b0d8694682368246825682a682d88682e4b10756203ffffffb77cbc4dfd14ee3fd39514ba435d12407c763d40d12a0440725090879d34f63f36b9d34ec8300440e7956d5feafff63f558c228c40e6f13f8c548b8eaaeafc3f755575ef2c4ef43f61ec2e94947df23f0c41b82d6e49e73fe18908c116c9f13fc9ea53453121f93fcaad6f83b79f354006955fdf595b2540c0206ffe1d1c0240134eebbcd946e63f4448874bb21d0340c79bd9c254ec0040d7f6122481af0240edc79b113645f83f8ae48079ab99f53f2bc89233689cea3f17325e5878a7e83f4ad2890f5024f93f5229d79eb2c9f53f190e569906e136400134ca21fe582440f9449b31b5341940f34f92d1b5040d403ff35f1169dd064031cb04c6204df63fab46ed44e351f83fedd4362dfac8f53f344292641633fa3fbfa67629abebfd3fe867aadda388fc3f311d90aef64b0240f6a045a0f9c1fd3f81a13e982fc21e40a7aa7530a7702340e6dedce003030640bdc6d37606520d40ec503ee2e0a51040e4b0b3a076100c40e9851e8d86d9f23f3dde0b6c05daf33f919150a6e61b034095511893a4c3f33fdac7666a7729f33f905db20d028cef3f04c82502d18102409d3c44f550720140e278ab43e3c40140fb02d4791f490040e8620e02b11eee3fa296eec56e89fb3fa3ef5b21902af83fc80f1854380ffa3f7df266b69532f43f3de6df6f2b64f23fe05ebfde2612e33fb29cc246cd08f93fbda15fafb475f63f0e1d65b7c386fc3f8291a8cac2d8114062060edab1ca2a403cb8edc93e200d409d686c3532d20b40039cf3b66ad3f73f1c8e969f0c9f0240ea381928689ffc3f0b0db06495f3f63f37672b9d3f56ea3f157c48cd5f4b0040c56129d9bee4e53f239469360f82f93fa3edaa94157cf33fd29abe9c9f2e0e40f440231fc31e1d406b7a4ffe2700f23f991122d87ae504407356c9317b67e93fe595359c8b64f53f3cf6ea547914f13f0e53276fb360eb3fb9c773ec02dee73f8be20987713fe93f8ec9a9f25037e23f87e9e9e46a22004076db9f22051cf23f9c574e0194ad3940d3da7c85d5ba284072811522d8b60f405fcfda54c8cf0f40e55ca56871b21840e9c4c0114f490c40b40bda6500d00340aafffd2d360cf93f67c7ab94fa010640a68a9d7ee8f4074051d761677682fc3fca91f3c8a2800440551283c7c25b0940956e000000000000008c076e5f697465725f944b228c0c6c6f7765725f626f756e645f948c166e756d70792e5f636f72652e6d756c74696172726179948c067363616c6172949394682a43084665830c94af2ec094869452948c105f736b6c6561726e5f76657273696f6e948c05312e362e319475622e, 4, 0x800495ad010000000000008c1b736b6c6561726e2e70726570726f63657373696e672e5f64617461948c0e5374616e646172645363616c65729493942981947d94288c09776974685f6d65616e94888c08776974685f73746494888c04636f707994888c0e6e5f66656174757265735f696e5f944b0d8c0f6e5f73616d706c65735f7365656e5f948c166e756d70792e5f636f72652e6d756c74696172726179948c067363616c61729493948c056e756d7079948c0564747970659493948c02693894898887945294284b038c013c944e4e4e4affffffff4affffffff4b007494624308a34801000000000094869452948c056d65616e5f948c136a6f626c69622e6e756d70795f7069636b6c65948c114e756d70794172726179577261707065729493942981947d94288c08737562636c61737394680d8c076e6461727261799493948c057368617065944b0d85948c056f72646572948c0143948c05647479706594680f8c02663894898887945294284b0368134e4e4e4affffffff4affffffff4b007494628c0a616c6c6f775f6d6d617094888c1b6e756d70795f61727261795f616c69676e6d656e745f6279746573944b10756207ffffffffffffffe5a640fa1b457ac092b0851c915862402723642fdca42440aaef47d3d60d3940bb2b1ed385d52040dd2fa909e1841540bc59121786e012406c483d168e98f13f1cf9978a7ac402c03e06bce5b4db02c0b265f5afb4b215c076d241d109c602c08a93d337ef9afdbf952a000000000000008c047661725f94681b2981947d9428681e682068214b0d85946823682468256828682a88682b4b10756204ffffffffb757855662fcd340451bc479ca4db64048a79b518f349c401abea6c836928f40ad0a20e4b20d844067f8463c37df7d406c489dcca4537340d5a36f55ed8f6940466b68d865bf6b40fd2c903bc7c26340cd1d76196ba163404b4f11ba1dc76340bda0f661ed7b6040952c000000000000008c067363616c655f94681b2981947d9428681e682068214b0d85946823682468256828682a88682b4b10756202ffffd14ae790d9e161404dd3e4c90ae452409ffad601543e45401f87e9fdebc83f407be774b300553940179a76f0b1dc3540d98b1831ba9531407dca82fcbc992c400c575d0b4ecc2d40596e761782252940f749a7433f10294089c1f88344282940ec6e457898f72640951e000000000000008c105f736b6c6561726e5f76657273696f6e948c05312e362e319475622e, 14.258079363710728, 8.26),
(62, 1, 0x80049529020000000000008c21736b6c6561726e2e6d6978747572652e5f676175737369616e5f6d697874757265948c0f476175737369616e4d6978747572659493942981947d94288c0c6e5f636f6d706f6e656e7473944b088c03746f6c94473f50624dd2f1a9fc8c097265675f636f76617294473eb0c6f7a0b5ed8d8c086d61785f69746572944b648c066e5f696e6974944b038c0b696e69745f706172616d73948c066b6d65616e73948c0c72616e646f6d5f7374617465944b2a8c0a7761726d5f737461727494898c07766572626f7365944b008c10766572626f73655f696e74657276616c944b0a8c0f636f76617269616e63655f74797065948c0464696167948c0c776569676874735f696e6974944e8c0a6d65616e735f696e6974944e8c0f707265636973696f6e735f696e6974944e8c0e6e5f66656174757265735f696e5f944b0d8c0a636f6e7665726765645f94888c08776569676874735f948c136a6f626c69622e6e756d70795f7069636b6c65948c114e756d70794172726179577261707065729493942981947d94288c08737562636c617373948c056e756d7079948c076e6461727261799493948c057368617065944b0885948c056f72646572948c0143948c05647479706594681e8c0564747970659493948c02663894898887945294284b038c013c944e4e4e4affffffff4affffffff4b007494628c0a616c6c6f775f6d6d617094888c1b6e756d70795f61727261795f616c69676e6d656e745f6279746573944b1075620bffffffffffffffffffffff6a4290baf11fc43fd36d6af603e1c13f13baf6863015ca3f0e4afbf220f8af3f9854226482a0a93f1e8b5f72ec02b53f7fc83b35977bc13ffb9fdb83a386c53f952e000000000000008c066d65616e735f94681a2981947d9428681d682068214b084b0d8694682368246825682a682d88682e4b10756208ffffffffffffffff53ef75c56d82a53f8c61776b5c12e6bf09d26ce1e450cbbf3ee36cb778fff2bfa03fab91250cf4bf3d182e315c4de4bfb0b39e5ba94fdcbffed949465dd7e1bf9652ba091721f6bf12b3e9456284e3bf747b49be6fa4f1bf346a4122b2fbcbbf330bacdb3d2defbf92a17ba6a866e43f54d2d5c6564efabf86dabb48664bcdbf0ca81cceb927dd3fc26ac9ea123ef1bf230eff4c8cd2e7bfa8a4021b086af5bf690eae95822bf4bfcd9bdd795ae0f5bf44a7bd16d8c4f2bfd3c5f78dd295f6bfbf3c21a48b98dcbf7bddb0c4991ff0bf01c8efc9791ef13f80bb5bcb65a4ebbfcbb4dbfae11cf8bfaba9af6ea94d02c02ac555549266f5bfbb74f52fe114ba3fd49cda38c27b04c0ff285ecdf822b03f6fff0f0b31fae1bf4b99404d40a4fd3fee7ec677040bf9bf8127fa594d82e1bfdba491368c41f3bfe5fcaf266826f53f5d48a97d3a73e9bf8fe9bbbe4563fbbf546b8159f628f9bf09016f4041dcfdbffb291e1b72f1eebf93ebf3af7e25f0bf331b845dc24ff5bffd377cf798bee4bf1ca62c40c054e73fe60fbea578dee5bf1f81f9d22da1c43fe9294215f08a03c0616fb1e6147cf7bfd6b71bdc617affbf72ea37ab4deedbbf05601a2d9756e3bf9ed23b62c02de5bf03cdaafa7b7ec23f74511a7b7bf5e4bf577077a304fccbbf658e412c881adebf5a343024862eb73f43f84c7a6a5cb8bf482edf6e84ce923f54b5dd34380fe2bffabe297e0d9ce53f1cd62849555dd6bfb577e2d7a7aeecbf0867dd4043e504c0c9ce9744d0d4fcbfa77de3044c36b6bf7eddefd7bb35f2bfe2ddefff9c8aecbfe4dc747be3dc01c0e924219cb7eee63f02012235408ee8bf64e943f5b2e1e23f5037b1146ba8edbfdd16548555d6bf3f0bb958af3fa700c0da7d1e720251e6bf0744a5cbf23beabf402718e4e68df1bfa8c1ab9b718aa4bf67892738d813f9bfaa94b6155f45dabfcb9c88faa1c1cf3f5208afc8250bd1bfd5d747342c9be1bfb298cddf6876a03ff92181388d73e2bfff1ff28cb663ef3fe8ef426614b6efbf247e7f6ca7d6f2bfc6308c7df103f0bfefe04bed8bf4eabfaca11d389327ebbf2704866bb55602c0e0c2ba50a1a8eebf441c03f08bf1e0bf44fb733b5326e43f20bea0e228b2febfb68d15a6c4ccd73f857337d62eb9e9bf9534000000000000008c0c636f76617269616e6365735f94681a2981947d9428681d682068214b084b0d8694682368246825682a682d88682e4b10756202ffff87587ff611c5d43f922a2168719bb53fc3eeb4fcee70d63f35dba2264549d23f430eb4feef38e43ffb6a420b9677e63f8b5e1ec3b9cee43fbdeba5b6f4ddf03fb1a4de79a082df3f73841c15f030db3fef2bad2a281ce03f7c82a3806db3e33fbd8f0a453567da3fb35078c15d6ed03f4bea2ac20876ca3fc4beef8bb4f7d63fc4aa55e85891d73fb9956e6a5378db3f7c0152d41885e93f2547ec2745e0ea3ff8a66b46fc29f03fd336b4b11a48ee3fd590dd8f970cdd3fb532411d2becda3f6b7f3cc4fa20ee3fa9b36c062ae2db3f4964fe5668ead03f16fe92bff85cb53feb11bd12a567cf3f3b1d635a7088cf3f8b7864c7a5b1cd3f74a086dab646d83f2d676fd54f76da3f8fb464a73670ec3fc8e60773c1e5e83f4fbdf6a0a897ea3f0353329e6a31e83f3bc099c13745db3fd363bf8528b2e93f563703512645be3fd8a6072857459b3f36219d9c34acbe3ff6f0d81997b0bb3f166458182816bd3f3ec98abb6f37b73f0500a1fc6100d73f6bb1c1ea9fc8cb3f2f909cbfa2d6d13f010f805f9e79d43fbba9f42052d3e23fce9094a4419bd43fbbb2e2053939c03ffb935ff41a57c03f5f61549a6f717f3f909d45fabe71973f082894dae1e2993f4c9e14c3b25da23f96a670d048f6a13fce39f666cdb1b43f0237f06271bd9c3f70344bc1e567b43fc7c56f702daaa73f4bbc5c5e3a10b93f175c2f817bf3af3f265f8288694db13f6d882ab5300ecb3ff8b54055a844a63fe3ece5023bedd33fdb8b3df193fecb3fbbd4038ce381e53fb14c834fbcebde3f336bd6fad52ae43f24eb51081bd6eb3fafdbfa6e7168e23fee7b477878c3f43f4a9eb1c5602bf43fab7b0e559ed3d13fdb7110eb2e74e03fd82af4ea08cce63ffdb602b3eb42d93f899a1392cae4cf3f3986537f0237d43f01a2d9f40741d13fb3f30da10fb0e33fdf759b8a7c66e33f560eb84e6707e33fd9cece192af0e33fbbb53c6d3bfcf13f714cde871d32d83f0dfb15116b8dde3f01174746c064e43f8f761e5090cbcc3f4e3a6f65aac6be3febc46873f685ca3f6d087fbf8233d43ff38a8a342bd6da3f1ef277a3f40fe03fb7c2b270e53ae13fa7f1211e4bbef33f9b18738b4e64f23fb8e3a574276ee53f7f3832168651e63f4983fdffa8a5e03f7a72e030fbade53f953c000000000000008c14707265636973696f6e735f63686f6c65736b795f94681a2981947d9428681d682068214b084b0d8694682368246825682a682d88682e4b1075620affffffffffffffffffff1f63147a1416fc3f45c75e5860890b4053f9784b2705fb3fb3c81267cfeefd3f1e070f658120f43f5f89472e5618f33f058ef7598bd7f33ffe2ecdfdac2aef3fce1f8ed075cdf63fcd110a7fff8bf83f2362dd95cf8cf63fefe123344264f43fc74c910515e9f83fceee77b0d093ff3f4553703457980140862fe60a6bb5fa3f3cdf6734cc5dfa3fe5dd2a5d056cf83f164255c4a5eaf13fc5f4fe2b6e75f13f1b7ad4a755d6ef3ff3fb11689c72f03f945c3e07b6bff73ff0b4485245abf83fcfc791db467df03fddbe13887f3df83fe97b4350321fff3f3746b52886b10b40920a06e2a0260040ab1cdcb3381e0040373bc98b139c00407930b6be93faf93f92b45916f8e1f83f503ebb47eef8f03f293bb033a023f23fa90b87f2338df13fa2444239bf66f23f8b145135dd82f83f79989e33e9daf13f09d91a96d6430740c176cf18cf821840fe8cb227a01c07405b8d3bcd2853084057151d1bcebb0740cab2d621a9900a4062e6d0d460b0fa3f1962001cd22b0140ad959269644efe3f78dad804a549fc3f27363c4c41dcf43f2fa3fcf98432fc3f2e4516439378064023b417c5fd630640bde204b9b0d32640a46a8d5b8b6f1a405b761eb36f28194006dd101fa41e1540e4b4548e195b1540b6001ea124230c40f3e6cb4d53e017408791abceea550c4062d3bb61099b1240fbbf8a994e910940cb92090b22031040405ef142a7c50e4047a93af8966601403acf2db21f2e134028eeaa6c9dacfc3f89985f1c3e1b0140a20e1e473784f33f785c0fc0d504f73f0958ef8f8927f43ff243db2ca927f13fb32b36487918f53f129b1d692917ec3f459afefa4d80ec3fa8d8c9e0f450fe3fa5e550142c50f63f8b461211d7f4f23f0e052b5d9a77f93f32bc08b5d10600407961aca21978fc3f533bc9b5afd0fe3fa84220790066f43f31ba56208a8cf43f68c15a70a1bff43f17966c481b45f43f09f5edb9a62eee3fe35a135ca005fa3fbfa22e484228f73f290038e7d60af43f8d695bd5ecdd0040de2f7f91ae120740d34f58e00d93014045a97eb5907afc3f90e3bfc35fb5f83f510f26895e95f63f51b8857b05cef53ff6fb71ea9eceec3f7b71bdfac6d8ed3fa2e4cfab318df33fe2a052989728f33fdeed20b9ea2ef63f2986f9735470f33f9533000000000000008c0b707265636973696f6e735f94681a2981947d9428681d682068214b084b0d8694682368246825682a682d88682e4b10756203ffffffeaa3d811b3a60840fbae365720b2274033fbd323b3d00640fd812f1dceff0b40f83d50868551f93fe5ee44b2f1c9f63f7c7b7bab429bf83fe2f57e15e85aee3f114bf52da93f0040d7b426ba63d4024052ab641712c8ff3f3064f7be19fdf93f68d688424164034075a68e200f290f4012522eca635913401a6a0776d24a0640058330c57eb905405e14f6af74a30240035599781110f43f49d6b7fbe70cf33f7eadb58fe1acef3f30e8e7ca6de8f03fed8f6b3312a0014023a4e2a87c0403407122849b62fef03ff3ab507cb55c0240705e4de58f440e40f8b0063b6bf72740c8668f069f4d1040aca5237daa3c1040342bd094193e11400daf2a0131170540d436c4d12f59034070c00278fd00f23f8bb272c77790f43f6e2d9a87ec40f33f338fdc0fc229f53f60fa43fb62c60240ce95b6ade2ecf33fd122fa4714ea2040d6101d5d4dc642404fb077d43fb120402fffb54f957d2240c42f067d469a2140615cabcca00d2640b2721d8469420640bf719e7f966d12406e98b050bcb30c40b495b4448a010940077c51437b32fb3f15e92f77b8d808401feeb69e218f1f403f2721c26a551f40959fbe648b486040c1d6ef45c7d64540a44ba5a061c743408340947fa9e03b401b307ac829813c408fe03eb2a6bd2840ed1eef4e9cd04140e521d1974117294004b3b161b3a23540c954f9a09e6d24401db81fb344063040d40f57745e972d40fc10ea9992ec1240c31dac3d10fe364004c2819db6b10940dd02dc5e124a1240ddccbbd947cef73f11e219fff38e0040d5c0129b3963f93f636109cfa964f23fb22afecc63d0fb3fa480b03b99a8e83f658ad3e78a62e93fa75130f597b80c40551023f10a1eff3ffea63c918675f63fa9c99038a044044076d01552a60d1040d740069def5309409157d9649aac0d408b05d9748b01fa3f4e2db7c62b64fa3f85429abd0ae8fa3f7ea58eb0eeadf93fce64599fbc77ec3f88d3df9225290540edc800ee11c200408e7cf399201bf93f8471eed6dfc71140c2d442d9e5a220403409c20bc54d13407df393af5258094007d714aa13140340139f116c36e0ff3f0c986d312bb7fd3f5626673bcceee93fc0a18529a5d6eb3fad221cf433e4f73fff2b5a05cff0f63fdb7a36108fc1fe3ffc088633dd9df73f956e000000000000008c076e5f697465725f944b2b8c0c6c6f7765725f626f756e645f948c166e756d70792e5f636f72652e6d756c74696172726179948c067363616c6172949394682a4308659151e5bbef2bc094869452948c105f736b6c6561726e5f76657273696f6e948c05312e362e319475622e, 5, 0x800495ad010000000000008c1b736b6c6561726e2e70726570726f63657373696e672e5f64617461948c0e5374616e646172645363616c65729493942981947d94288c09776974685f6d65616e94888c08776974685f73746494888c04636f707994888c0e6e5f66656174757265735f696e5f944b0d8c0f6e5f73616d706c65735f7365656e5f948c166e756d70792e5f636f72652e6d756c74696172726179948c067363616c61729493948c056e756d7079948c0564747970659493948c02693894898887945294284b038c013c944e4e4e4affffffff4affffffff4b007494624308a34801000000000094869452948c056d65616e5f948c136a6f626c69622e6e756d70795f7069636b6c65948c114e756d70794172726179577261707065729493942981947d94288c08737562636c61737394680d8c076e6461727261799493948c057368617065944b0d85948c056f72646572948c0143948c05647479706594680f8c02663894898887945294284b0368134e4e4e4affffffff4affffffff4b007494628c0a616c6c6f775f6d6d617094888c1b6e756d70795f61727261795f616c69676e6d656e745f6279746573944b10756207ffffffffffffffe5a640fa1b457ac092b0851c915862402723642fdca42440aaef47d3d60d3940bb2b1ed385d52040dd2fa909e1841540bc59121786e012406c483d168e98f13f1cf9978a7ac402c03e06bce5b4db02c0b265f5afb4b215c076d241d109c602c08a93d337ef9afdbf952a000000000000008c047661725f94681b2981947d9428681e682068214b0d85946823682468256828682a88682b4b10756204ffffffffb757855662fcd340451bc479ca4db64048a79b518f349c401abea6c836928f40ad0a20e4b20d844067f8463c37df7d406c489dcca4537340d5a36f55ed8f6940466b68d865bf6b40fd2c903bc7c26340cd1d76196ba163404b4f11ba1dc76340bda0f661ed7b6040952c000000000000008c067363616c655f94681b2981947d9428681e682068214b0d85946823682468256828682a88682b4b10756202ffffd14ae790d9e161404dd3e4c90ae452409ffad601543e45401f87e9fdebc83f407be774b300553940179a76f0b1dc3540d98b1831ba9531407dca82fcbc992c400c575d0b4ecc2d40596e761782252940f749a7433f10294089c1f88344282940ec6e457898f72640951e000000000000008c105f736b6c6561726e5f76657273696f6e948c05312e362e319475622e, 13.209146838086928, 9.21);
INSERT INTO `accounts_voicedata` (`id`, `is_trained`, `gmm_model`, `user_id`, `scaler_model`, `threshold`, `margin`) VALUES
(63, 1, 0x80049529020000000000008c21736b6c6561726e2e6d6978747572652e5f676175737369616e5f6d697874757265948c0f476175737369616e4d6978747572659493942981947d94288c0c6e5f636f6d706f6e656e7473944b088c03746f6c94473f50624dd2f1a9fc8c097265675f636f76617294473eb0c6f7a0b5ed8d8c086d61785f69746572944b648c066e5f696e6974944b038c0b696e69745f706172616d73948c066b6d65616e73948c0c72616e646f6d5f7374617465944b2a8c0a7761726d5f737461727494898c07766572626f7365944b008c10766572626f73655f696e74657276616c944b0a8c0f636f76617269616e63655f74797065948c0464696167948c0c776569676874735f696e6974944e8c0a6d65616e735f696e6974944e8c0f707265636973696f6e735f696e6974944e8c0e6e5f66656174757265735f696e5f944b0d8c0a636f6e7665726765645f94888c08776569676874735f948c136a6f626c69622e6e756d70795f7069636b6c65948c114e756d70794172726179577261707065729493942981947d94288c08737562636c617373948c056e756d7079948c076e6461727261799493948c057368617065944b0885948c056f72646572948c0143948c05647479706594681e8c0564747970659493948c02663894898887945294284b038c013c944e4e4e4affffffff4affffffff4b007494628c0a616c6c6f775f6d6d617094888c1b6e756d70795f61727261795f616c69676e6d656e745f6279746573944b1075620bffffffffffffffffffffff6b2f3d255f0cc53f550695e475e4c33f6eb7f4de445ac03fdfbec2d80074c03f3d1103bd2987bc3f6e935f5f8a52c43f05a01db807b0b63fcdcf0c4984a5b03f952e000000000000008c066d65616e735f94681a2981947d9428681d682068214b084b0d8694682368246825682a682d88682e4b10756208ffffffffffffffffb6b0a610e545f53f512d27a1e4a5f5bff343963d30e4f7bf6d3b7d1c0af3efbf6120e52f7e1cdfbf24fe57c6421df4bf0a719b0bfa3e00c09e91f006f52e04c0b870159f70eaf5bf8cb1a0034acdf4bf60a75b9da426c0bf7f7b6514bf35b3bf24107642cc5405c07d85cf48801ff13f2a9d2788a5feebbf650dd05d57a6f3bf2e00a8bdfe68f7bfcf6cfffb55e3fabf433ceeb98f98f7bf3d4f8021e054e3bfe17f9dc3a73df9bf7dfa4cb3345ff9bf088adcb364f4ffbf79550294cd5eedbf6be073b9a3f2d63fb4505e43da91fabf7cb4e574617af73fa581230204d2edbf43e306b7f822fabfecbd7dbe5434ffbfe255a5b96badf2bfa13f89c61401e8bf712cfe90cb76fdbfcaa4c1cd9876fcbf3158688c071ef5bf90768ee55321f8bff7ce2ef84277e33f3c35e2386554e23fd70cfd0eb41a04c0629ed89fc5fdb63f9ced234cc37c01c08f86b7bdc91fd9bfb7f06c0a7b48e3bfc42d2e121022dbbf329cb571838accbf093c40ae3ca7f0bf3a6e74d6c5e3edbf7068713fefafd5bfe61444c4171bd3bf986d8455797edabf11dafd1f3badd4bfa1b4def36786eebf42faee0d77b7ea3fb4c80a2be43ffebf83f530f9fb92e7bffd384f417cb6e23f2b4897c9ef1dda3f0086337e58d3fbbf9c31416a1f7202c05a08f44254f5e7bf489a22552aaaf3bffa8f44d7563007c05b9352a1b50bf1bf664dd4821180b2bf78c74dc4bbe204c0fbf193e043e6dd3fc7c20c998fe7f0bf208610e1eaf9e9bffec24de9c8d6ebbf91434e277d66d9bfcd4222a01e97e8bf11a7d493591df6bfd574834821f8f8bffcc6495b03bafebfb3b6f8d072fef0bfd0abb11b38a2c1bf0324273b0301e1bf7e923e148f7400c0e05d71ab0654fb3f4a2af75ffd04f4bf035a4678b5f700c01b5c22fcbf06ffbf63052bc38686f4bfaa69f9ae15c5f7bfce451eafb245fbbf386d3e38aac907c03a3a0d6b108ed5bf1ecbcc3aee2cf4bf042378fff095f53fe2726ccd8b19d5bf54c96323af7707c0960a6413e09fdc3f6c44701b0bf5e6bf0dcb4c93b5e0cabf9d5578f474eaeabfb2a536a10a2000c0c2df876a3557fcbf28d708761c97f3bffa1e0b2eddd3f0bf2d48d0e41e42f0bf6dd93183856ffbbfe69557a81d58fabfb1a3158c22a0e7bf7d52f135276602c09534000000000000008c0c636f76617269616e6365735f94681a2981947d9428681d682068214b084b0d8694682368246825682a682d88682e4b10756202ffffa6a06773fd4fb23f66048e610ad0b93f56a48bb7245cbf3fbb25263be36fdf3f22665ce458dfc93fc70d4141dad7e03f57a65ec82612e83f5dc33ed26ce3d73f0b5b239a6ed7ed3fe9c886de631be93f4ce5c4f2b2e6e23fd571cb17283ae43fe7902f9212fbe23fa6bb418e1691b93f93e292d13ed2c13ff9e82f4599e5d03fbbc36a8d3c19cf3fabf9ade9b60de73fbf652b964ccee63fcce5c87d6d8ae33fdbcc7b45d40cf23f7543545e386ada3fdf858404e29ee83f6130c11ab175ec3fa6cc160b4959e43fd304848c3451e73ff633d8a6e758b43f8e47f56b3379b03fdbf185e993adc03fabaa44d51a58c03fa585e7613c01d63f01428b6fbeded03fb5d35196adc2dc3f2de76be05cfdd03f21e27e35d704d63fcfcc56d6c45def3f7779614d711be43fcfec312bd394e33f67bd1fe31348e03f8370703fa971df3f2f4d7982e724e43fbf527f147a5ddb3f92017247296bd53f23b6e221ef09d13f690576fe497ddf3f0b4925218ee3e53fc96c1e20e0b5ec3f8e503feeb4d5e03f2f985568945af03f44e05d1a84c5e53f8f4f8ffe68fdd63fabc5e4556acdde3fef35136207c4cb3f6d157884e400d03f23b62b808586de3f3387eaf20285c73ffb467e2143b5d43f7d494136c200d83f5f9d13f2356be33f73457029a599de3fd15e4eb71234d53fe7612944ccede43fe7ce33f9a9f6e63f1557b78d26b4e03f071c0fb84837ea3ffc09c4a2a154c63fd3eed95afe40c33f7526755adb29d13fb521916e6dc3e03fd16bc69d2812da3f710cbcf19f82d83f5b223b331455e33f335aa8d4496fe63fdd472cf394d3d73f15d74b05a3d6e73fcb9a03471f6ae03fb53fd375f59edf3f5db6a966c7f1db3f6c17ce1fe2f1a13f2c65ecb9c43fa03fb6b57a2b2902b53f7d5e072d079fd43f79d7ebdbf851d93ffbe3d685f876c13f053285ec13ecd23f478b10ade036e33f574d6280b05cdb3f393d75ee9e06dd3f83403727bf79e63fc95f44984b76e03f4d2b03d70f73de3f2510270e389fc83f0e898ab9ccf2b33f1f67c39cfe42e03fa7a9f2fbd2f0d53f877911787977e13f1d0cce8b500bd83f21dfce9d60b8d73fbd355a6c6c43d63fadbde1c47408d33f6794eeec30a5e83f6d94f01b533dd23f5d39666e4bcfdc3f178819e9dc82ef3f953c000000000000008c14707265636973696f6e735f63686f6c65736b795f94681a2981947d9428681d682068214b084b0d8694682368246825682a682d88682e4b1075620affffffffffffffffffff13a118ee50e90d4081eca5979c3109403462b5426fdb0640b4451c9f40d4f63fa9ba12954acb0140d14b5e69c40df63f2a6c70adae72f23f371794425930fa3ffbb650488c91f03ffeed2bdf3510f23f74a2d0088dd1f43f8b31111ce61ff43f71dbc8b75dc6f43f01e25cf58d500940d65dac99a67005401a9c08bc9f23ff3fc0a1d164f03a0040302bc8d9c2d9f23fcdc57421e6f3f23f4522e38e9b79f43f1c6e9335c320ee3f1a8cfd63a9e7f83fc3ee6012a93df23fd879f1034cf7f03fe391a89f7b10f43f2b8ebd0167bef23f235d655b59600c40f4e5c99a6c890f401504761ca629064038cc607d4e630640c90f520a6549fb3f06a990a5f229ff3fdbf332e726def73f540ed300d10dff3fa2fdbb252947fb3f8d8ed1972b29f03fa1c96c0e3f2ff43fe38d22422b74f43f037d28a8506ef63fbbf27bcc9bd3f63f551b78f7802af43febd4107afd77f83f502c254658a8fb3fa5ae522e5a02ff3f5c27ce7d64cff63f801925f07b58f33f58500e8a4ae4f03f81ed6e2d2c0ff63f8c4be93be5a6ef3f220075edcf65f33fa3da757e1ab2fa3f055ad8422710f73f069f4cda3d2d0140874b17851bffff3f3431f6d4df2af73f7955f6e6b6a902401654eac8ca20fc3fdb065dbb5320fa3f4619f4130a8af43fc5a2ad70a123f73f58160cb42eccfb3f9ee51f2ccbc8f33f3cfe2b8136e3f23fed3046684925f63f81175f6d59adf13fb89a014742270340d9d61f5382a00440312cd25f76e5fe3fd286cbd32f1bf63f01fc9dda9511f93fd6bcdc3bc0daf93f3e2b9071c895f43f8f76d8dadd1bf33fdf0e5cd10c39fa3fb40bc1aaa789f23f718602a30157f63f515a3c603cc3f63f8c9ef6d5b836f83fa9d08cd2b75d1540013b70220c741640eb875b9120ed0b40f5bccdb9f02ffc3f827f1f790770f93f2bd5089964a80540b2b007fdef6cfd3fd25f47a5efa5f43f9d02149b5778f83f84f9594327c2f73fc1ff3d336b17f33fe9ae059cbd4ef63f9ef4a3cc4532f73fd10b9033893d0240eab479789ca80c40fcfd87dad171f63f1e924fae9753fb3f6434fca614a8f53f399499ee961afa3f9b0286121248fa3f3d82e223b720fb3ffc81faf8f756fd3f1571e64b533bf23f0defe7119bf8fd3f2847c56decd8f73f9ff3b5b5a51ff03f9533000000000000008c0b707265636973696f6e735f94681a2981947d9428681d682068214b084b0d8694682368246825682a682d88682e4b10756203ffffff0398e4d287f52b400ef78197d1d523400d511db899532040fb9585b3584900404230aa7215ca1340f6a159fae765fe3f0979d7063f45f53fe15cf118da6e0540b6170e944428f13f039296a28964f43f180c6b0f9916fb3f9b25c5defe4ff93f90c01f9d85f9fa3f27b3a197a8062440f09d9276ceba1c402e5ad9242d4d0e4061069ae6b97610408aa39a288a35f63f29fa6cb64b73f63f8066f12ba133fa3f9f6a868f8f5dec3f1c98102f0b620340a8d08009aacbf43fb9d8454486fdf13fd4ea1f0a4629f93f3afcea9441f5f53f95480f79be2929400926459790142f40d2f65238f5b21e40bfc99a3580531f40359aa8d782440740b175c01d7d590e40226d50285ecd014003aabee8ca220e40159779aeb3400740bbf4831fc152f03fd9387d27a976f93f4c4c0a99b725fa3ffb1c0e655672ff3f5e9ab98a6d4800405901cf53b36af93f8cf02c24beb502407ec332968ae707408a2104e68e0c0e4073a5524a6a420040f7be69b10f64f73f4d7ad6614ed5f13f833740e0c769fe3fbab8cb94c24eef3f6ae399af5584f73fdc5154544a4506403c058a97409f004016ddbd5ca37012405af08d1037fe0f40ac92ce33dbc500408827a4b7e3c415404bf5307a84b908406dfdc8b8a8540540edcac01fc05dfa3f2f8d4ebe5fbb0040692990a3a5250840e7ce2e6aba76f83f51e8ed3dd54bf63f561594c3e0a6fe3ffc0d3b28b487f33f5082d0bc9ded16405d9e730290971a40c1669b5babd40d40e87869b8f18afe3f52e38ccf83a3034064553bbda3e304407ba3fa4aef7bfa3f71ed88705fd2f63f7e92e4891a7d0540da875b8e597af53f0ad813a21d31ff3fc0c5992c1a31004054b0efd472520240dd33e17927883c408d31b10e6b823f4075b6d41f045f28404dbe5c172dd4084080d292e193380440b467bd54f4501d409fb791d5e50e0b4005b0e80990a5fa3f2bf098fa47b602405826126db2a30140abcfb4e0c0c7f63f62d487ee0c1aff3f9f6fe35093d0004099c8c55e61cb1440ed12c3408aaa29402224e5c72a7cff3f1d7ccd53ea550740186223e81b50fd3f402ec55b4b4b0540295477afbf9505406223ee7e56ff064040e1a1cf8de60a40d0e6c76257c6f43fc261f97624120c402152685c92c50140264440048a3ff03f956e000000000000008c076e5f697465725f944b188c0c6c6f7765725f626f756e645f948c166e756d70792e5f636f72652e6d756c74696172726179948c067363616c6172949394682a43085e8a5642d3fd2bc094869452948c105f736b6c6561726e5f76657273696f6e948c05312e362e319475622e, 6, 0x800495ad010000000000008c1b736b6c6561726e2e70726570726f63657373696e672e5f64617461948c0e5374616e646172645363616c65729493942981947d94288c09776974685f6d65616e94888c08776974685f73746494888c04636f707994888c0e6e5f66656174757265735f696e5f944b0d8c0f6e5f73616d706c65735f7365656e5f948c166e756d70792e5f636f72652e6d756c74696172726179948c067363616c61729493948c056e756d7079948c0564747970659493948c02693894898887945294284b038c013c944e4e4e4affffffff4affffffff4b007494624308a34801000000000094869452948c056d65616e5f948c136a6f626c69622e6e756d70795f7069636b6c65948c114e756d70794172726179577261707065729493942981947d94288c08737562636c61737394680d8c076e6461727261799493948c057368617065944b0d85948c056f72646572948c0143948c05647479706594680f8c02663894898887945294284b0368134e4e4e4affffffff4affffffff4b007494628c0a616c6c6f775f6d6d617094888c1b6e756d70795f61727261795f616c69676e6d656e745f6279746573944b10756207ffffffffffffffe5a640fa1b457ac092b0851c915862402723642fdca42440aaef47d3d60d3940bb2b1ed385d52040dd2fa909e1841540bc59121786e012406c483d168e98f13f1cf9978a7ac402c03e06bce5b4db02c0b265f5afb4b215c076d241d109c602c08a93d337ef9afdbf952a000000000000008c047661725f94681b2981947d9428681e682068214b0d85946823682468256828682a88682b4b10756204ffffffffb757855662fcd340451bc479ca4db64048a79b518f349c401abea6c836928f40ad0a20e4b20d844067f8463c37df7d406c489dcca4537340d5a36f55ed8f6940466b68d865bf6b40fd2c903bc7c26340cd1d76196ba163404b4f11ba1dc76340bda0f661ed7b6040952c000000000000008c067363616c655f94681b2981947d9428681e682068214b0d85946823682468256828682a88682b4b10756202ffffd14ae790d9e161404dd3e4c90ae452409ffad601543e45401f87e9fdebc83f407be774b300553940179a76f0b1dc3540d98b1831ba9531407dca82fcbc992c400c575d0b4ecc2d40596e761782252940f749a7433f10294089c1f88344282940ec6e457898f72640951e000000000000008c105f736b6c6561726e5f76657273696f6e948c05312e362e319475622e, 16.699612307147085, 10),
(64, 1, 0x80049529020000000000008c21736b6c6561726e2e6d6978747572652e5f676175737369616e5f6d697874757265948c0f476175737369616e4d6978747572659493942981947d94288c0c6e5f636f6d706f6e656e7473944b088c03746f6c94473f50624dd2f1a9fc8c097265675f636f76617294473eb0c6f7a0b5ed8d8c086d61785f69746572944b648c066e5f696e6974944b038c0b696e69745f706172616d73948c066b6d65616e73948c0c72616e646f6d5f7374617465944b2a8c0a7761726d5f737461727494898c07766572626f7365944b008c10766572626f73655f696e74657276616c944b0a8c0f636f76617269616e63655f74797065948c0464696167948c0c776569676874735f696e6974944e8c0a6d65616e735f696e6974944e8c0f707265636973696f6e735f696e6974944e8c0e6e5f66656174757265735f696e5f944b0d8c0a636f6e7665726765645f94888c08776569676874735f948c136a6f626c69622e6e756d70795f7069636b6c65948c114e756d70794172726179577261707065729493942981947d94288c08737562636c617373948c056e756d7079948c076e6461727261799493948c057368617065944b0885948c056f72646572948c0143948c05647479706594681e8c0564747970659493948c02663894898887945294284b038c013c944e4e4e4affffffff4affffffff4b007494628c0a616c6c6f775f6d6d617094888c1b6e756d70795f61727261795f616c69676e6d656e745f6279746573944b1075620bffffffffffffffffffffff86294031dababd3fda76015253d5bf3ffbedc6195376c63f080286358013ae3f22a2079e91d4b63f6bf114d537c3b83f1c61d1e61ce9c03f6e16d776b487ca3f952e000000000000008c066d65616e735f94681a2981947d9428681d682068214b084b0d8694682368246825682a682d88682e4b10756208ffffffffffffffff06397fe2ae6eef3f9e9c683ced90ecbf37f1e7744bd3d6bfcc08f3005349f1bf1dde31b9cf2100c0fc3975ce984aecbfc4325ccaa1a28b3f5bdf434243e0f6bf833337fe2605c5bf73444e6f7f21e4bfdd925686c040c1bf6ed97517e7c8e73f1d6738698d39f2bfdd4944e7caf0dbbf7a2607ee7b84f5bfc0dd377d858ed7bf0865a5795e9fe4bf1f184278df4dcabfacae568e0afa7cbf9e5a837ada9ad7bf78d7a4aa6324b4bf8b6548d42bdfa5bf67a94a07c121e63f11e378d3f592c93f938a3935e29add3f40ba6f0ca0a0c43f9b95fd668829f03fc20fc3ab19f7f6bf9cd73eeec57cd8bf3674219ed1d5e1bf3c0f41cdf10fe2bf1993b278b38dd1bf3ba300136cf2f5bfecb176ed8e69f1bf8ba852caddf7e6bf594da34d04aad53f0ef7573db2f7c5bf3969c0549aa4c1bf2756021042e0ddbf13520a65e35bfe3ff697a42454c1f2bfcd7e83818e6ffabf59950284d2e6f7bf4d1ed7e24a2ef8bf441a61c5658db4bfa28250d674d200c03d3855ac9686d93fd7a23e022b14f6bf1698492ae1b20340ee11cc8c0759c6bf188e0037cf5ef83f310f8eaef36307c0326cd5617d6600409590720b49c0f9bfcb29c63d19b8f8bf57600502ccf9e2bffc047ea55478f2bfbbe75bbbb4bbf1bf5f5477219f3400c0c698cecc9f68fdbfa018f3c474d9c33fc4e547ba8fe0f13fd64841cb08dcecbf4fe44e31e88bf13f72323cf31cf1ebbfa12ebb7ef495f43fe295cfdcc1f5ffbf2b05e1c8f408e1bff16719b56602f63f1b8db3ee3a0ed7bfba93db91e0d3ecbf97028bed65e9f1bfa01a25a656f0f7bf454f0c4c7627c8bfff2c75d8b0edfdbf4c66cfc169d7f2bfdb5d38fbbdf6e83ff1fa413947defcbf15a27f741539f33f657317684a770ac05d0411412cf1dd3f42b5fa4475d2ebbf3746eb5a70d6e3bf38191dcbc56dda3f421af5784e02f9bfbaf79daa56fbd1bff9b32a5446a7c7bfa1c0e44dda1ae03f3dd77c405bf1be3ffb8b2d7a7a96c7bf2f19f92251d2d23fed5b35f3a0a3f73f4d5d6254721aefbf02f261dedc7ff4bfa546493044b8f9bf3fc997ff1c59f7bf7f3d316bdcb9cebfd3c7fac8e7f1efbfc6a989af0de2e0bfbe2ed405dd30f1bfed921973bd00f23f6a79eb74409d8e3f74c599de82b8f03f890a798f4bbdf2bf9534000000000000008c0c636f76617269616e6365735f94681a2981947d9428681d682068214b084b0d8694682368246825682a682d88682e4b10756202ffff851616b0d0abd73f1bbccce5fdb6c03f168ad9c9d37ae93fb51fdb9f26d1df3f4dc5aee631e0d73fd0626609d93ee03fddcabad8a8cbe63fd93fc24b57b5f13f702021a53472e73f66747135cbd2da3fa4192f188c39df3f9371e1a7845eda3fff717200a9e4f13f411f4d4ad0e6e83f036ae3fe3f09e03f58a2151967dbd93fbfaa3610fb58c63fdbf2156f2cd2c23f04b1a8412a66be3fdfc515377374c73fadd92dedfd6ac33f54f85b79ef01c53f7ccf1e1fc407d13fa814c1dee24bcc3fa1f6fb8832abc23f8f643ad97781c83f09450db95aa0dd3f3bfb19644721ca3f7f90859eb681ce3f78a03a7b65a8e23fec98b0d84d86d83f3db2f743e629e03fe3541fabf1f8e23f35645ccc6befdc3ffd49f43d9185e73f74412144ded6e83fa0ed277cb4c3d73fda729daa351dd43f932cd3c73e8bdf3fec1082536cc0ad3f0c82f6526983af3f763e2db2c545b33f9694a5e08deab63febb164738611c83fdf832c2cacd7b73f3b80b95151a9c43f4d06f1a707cfe13fe91c01272a8ad13fdf79dabc763de13f9d2b1cffbca8c23f03e73994fd67e93fed34d19bce84df3fec1a252b4806a13ff67b5a2d5d38b13f962d3488a8b0b13f2b2a8ae18e9ad73f733c98aa220bc03fcb1373aa0ecbc13fddd3c58af323db3fd7d7cf76eac2e03f122429ae8f66d93f432dd1b166f2e53f5da64aeb8435df3ff9f2e57bf008e03f51bd0885890cea3fe358c3221b0dca3f25d3945ffa51df3fb9d308eb3e5add3f13b907ba1bc8e23f32fa95cc5a3cbf3fc84bc828ae22ea3fcd92dbc2386be13f6bccc67dc808e73fb7c8e30b07e2cf3f8d1e4e13c660d43f71db14b5ef6ad73f19a87703ea9de13fef904ea5fb64e53fa11e05a65d7dda3fed801dccb877d43ff18ef45ea0ded03f699a4fdc7ee0d93fb5674fa1f2cfce3f3b802dfb7fabcd3f0554b21409e7db3f092e940df6eee03f2e6e84d5faffe93fa3fe6dc7e648ed3f87ac95d4755bd23f99550662763fe33f2d7340c34130e03f9b5632ab8bcbc23f268dd626fe1cb43fb669ce55877cbd3f1bd00321a652cd3f25c3f2a93ee0d33fa58e80b774ddd33f239837a564a5e93f5150449f30addd3f45d3da7362f6da3fb1032f23e879eb3f6e6c870c8b7de33f8fff361087dce93f5bab5b36e616e23f953c000000000000008c14707265636973696f6e735f63686f6c65736b795f94681a2981947d9428681d682068214b084b0d8694682368246825682a682d88682e4b1075620affffffffffffffffffff5bd6df6e0a4ffa3fc076727e672306406780a1bb41eef13fdd8d32f940b1f63feb3e70b71e32fa3f445f7000af74f63fb68afc02fff4f23f400e559ed46aee3fe5aae77a31b1f23fa14513a7edb6f83f02d4415f15e8f63f974c57752fedf83f37071ca08142ee3f5dae958d3d23f23fdbac26ce169af63fc7932aee122cf93fe5f8ce0b652503408a30230ce4dc04402f7718ef30370740678668824cb00240f4705fb4278a04407a7cd5604dbf03407346dd675304ff3fa356ffd3cf03014084b16605a0f20440d35a7356984802405a4607193284f73f99039d5bc9b40140c94b375f0d630040302c1a7e32f4f43f049017accfd8f93f3be1a67b3783f63fd3d9240588c7f43ff0f6cda2abcbf73f3baf68737ea9f23f2d921df70e29f23fa2909dd1cd41fa3f6546b5f9558afc3f5432c22658caf63ff651a22df3971040842ccdc9811f1040fadee37126280d4039482cdb13bd0a40f5c21a1fec720240545e6fd5cc360a40fda0439279e90340e96dd1049672f53f8cf386da2d90fe3f2f71b1c165ccf53f1b02495a01f40440eec6ff29e6f4f13fd1fe5de8abccf63fdb40ad399def1540e8bfb9f76fd80e407c819cf6da6e0e40ad1d37b9a658fa3f504b89c6c2980640a3fcf8d0fa740540fe9b6237de91f83f77799d30861bf63f4521fe21b665f93fee81f3c6ef51f33f93c957c08fe9f63f60747fd74e9af63f21e0c496d4bbf13f9a648c06a3bb01404415838a24dff63f9ffc280937a0f73f9c0b0c6a7ae2f43fcf79e2d10de70640c59b9fd24fb4f13f82997e39b1aff53fbac6ce4ec7dbf23f9254ac848307004086ae6f49de5afc3ff75a090c6373fa3f120fb42b6790f53f90b7c1016291f33f395d1cbca7def83fef019e89f44afc3f39949a6a0e2aff3f31d972ae9829f93fcf838058324e0040a2fe91f9cb9d0040224323c0613bf83f78cf79f4b2fef53f4175ab631cc0f13ffb87c99aadb9f03f3567f931f7dffd3f4745275654a1f43ffe407568cb7ef63f6f19f77091e004404791bd5c7d8a0c4019a5fe01779207401e43fbb7e5b6004040c4bdd9f9b5fc3fae8a19b6fdb7fc3fa319dc375adff13f026b79a21b7ff73ff797627098a6f83fc8144e7d5944f13ff2f583fa5e80f43feb9891e242ccf13f0d84eb52d047f53f9533000000000000008c0b707265636973696f6e735f94681a2981947d9428681d682068214b084b0d8694682368246825682a682d88682e4b10756203ffffff5294b22f34a10540416b21f3aaa11e409f4253932718f43fb02eee2d8f1700401121316ac0710540fb7c35323484ff3fd3bd7338e575f63f2d23fd4eb3e9ec3fa38ae1ab59d6f53fdf59ce307a1603402704ee98b065004060724337a56a03402817f6443d9dec3fa603c91c988ff43f24450bae8aedff3fdaae3c481acd03407d51e06127e91640041b58aa23341b40b1e33388b5d72040fc040eba42d41540019038300c5e1a40ee26d90e475f1840ed13f02e62100e4043a0f98a1a1812404c8a643cef6c1b40ef063823a0e41440705f97212a4801404c04219f26981340cc10f4f37fc81040c1e4e63f0d71fb3f2dcdbb7581e00440e11d54b10cadff3fae6ce0588cfcfa3f5c3f4207d7b10140acead80660c4f53fcfffc208cb9cf43f3366efc5758b0540dff46d7b6c7409404a2e27af383b00405cf6b167893531401224a59e413f3040e5edb70ef8902a409342c1769d572640d30954b8cc451540027844b36a7925408249c0a3cfc718403a03e96bfebffc3fa67bad96df300d406b1cc441beb2fd3f4a55f88a8c701b40d5772f920d27f43fd46eef72893e0040e8de8a2601133e40885994d989bb2d40442e9f955af12c4028e5588504b10540d4d7f81fcae91f40897ebfa869c61c407bf8f03e66dd02406390fa5ee08bfe3ffd4ae0de2f2804406d074a123d54f73f26775f60ce670040f955d7ff28eeff3f2b37afc4c0a7f33fe67c20e752a71340347ae843e6580040822ce543717101404585faceb742fb3f2495235037642040f06c24a51997f33f330d6173ba64fd3f7e55115b4b3af63fc0d0a5900a0f104036a1e808072009408e49a80421dd0540c49364162610fd3f9a40e4c671eef73f1dcdebd40854034025b31d83db0309409ed36934b3590e40a3f6aaa234c90340b0577edce29d1040772a4e30ac4111401200d4d180590240446a633b6c3cfe3f6dcb56fd3eb1f33f7e2d8afbc57bf13fe71a528f0fe40b40f08d648aad99fa3fc396092d9ca0ff3ffad8ee87bb3d1b40d7be76bdb2742940ccd78a72295d21402f45f226f67511408f141a1780c2094053025be41dc60940f482859bcdf6f33ffa0a009db04001400e10f8f847fd0240b489e32462a2f23f1df52564f344fa3f687f1ecc3dccf33f6f92222dc54dfc3f956e000000000000008c076e5f697465725f944b0f8c0c6c6f7765725f626f756e645f948c166e756d70792e5f636f72652e6d756c74696172726179948c067363616c6172949394682a4308cb10211286022bc094869452948c105f736b6c6561726e5f76657273696f6e948c05312e362e319475622e, 7, 0x800495ad010000000000008c1b736b6c6561726e2e70726570726f63657373696e672e5f64617461948c0e5374616e646172645363616c65729493942981947d94288c09776974685f6d65616e94888c08776974685f73746494888c04636f707994888c0e6e5f66656174757265735f696e5f944b0d8c0f6e5f73616d706c65735f7365656e5f948c166e756d70792e5f636f72652e6d756c74696172726179948c067363616c61729493948c056e756d7079948c0564747970659493948c02693894898887945294284b038c013c944e4e4e4affffffff4affffffff4b007494624308a34801000000000094869452948c056d65616e5f948c136a6f626c69622e6e756d70795f7069636b6c65948c114e756d70794172726179577261707065729493942981947d94288c08737562636c61737394680d8c076e6461727261799493948c057368617065944b0d85948c056f72646572948c0143948c05647479706594680f8c02663894898887945294284b0368134e4e4e4affffffff4affffffff4b007494628c0a616c6c6f775f6d6d617094888c1b6e756d70795f61727261795f616c69676e6d656e745f6279746573944b10756207ffffffffffffffe5a640fa1b457ac092b0851c915862402723642fdca42440aaef47d3d60d3940bb2b1ed385d52040dd2fa909e1841540bc59121786e012406c483d168e98f13f1cf9978a7ac402c03e06bce5b4db02c0b265f5afb4b215c076d241d109c602c08a93d337ef9afdbf952a000000000000008c047661725f94681b2981947d9428681e682068214b0d85946823682468256828682a88682b4b10756204ffffffffb757855662fcd340451bc479ca4db64048a79b518f349c401abea6c836928f40ad0a20e4b20d844067f8463c37df7d406c489dcca4537340d5a36f55ed8f6940466b68d865bf6b40fd2c903bc7c26340cd1d76196ba163404b4f11ba1dc76340bda0f661ed7b6040952c000000000000008c067363616c655f94681b2981947d9428681e682068214b0d85946823682468256828682a88682b4b10756202ffffd14ae790d9e161404dd3e4c90ae452409ffad601543e45401f87e9fdebc83f407be774b300553940179a76f0b1dc3540d98b1831ba9531407dca82fcbc992c400c575d0b4ecc2d40596e761782252940f749a7433f10294089c1f88344282940ec6e457898f72640951e000000000000008c105f736b6c6561726e5f76657273696f6e948c05312e362e319475622e, 11.860760095228171, 10),
(65, 1, 0x80049529020000000000008c21736b6c6561726e2e6d6978747572652e5f676175737369616e5f6d697874757265948c0f476175737369616e4d6978747572659493942981947d94288c0c6e5f636f6d706f6e656e7473944b088c03746f6c94473f50624dd2f1a9fc8c097265675f636f76617294473eb0c6f7a0b5ed8d8c086d61785f69746572944b648c066e5f696e6974944b038c0b696e69745f706172616d73948c066b6d65616e73948c0c72616e646f6d5f7374617465944b2a8c0a7761726d5f737461727494898c07766572626f7365944b008c10766572626f73655f696e74657276616c944b0a8c0f636f76617269616e63655f74797065948c0464696167948c0c776569676874735f696e6974944e8c0a6d65616e735f696e6974944e8c0f707265636973696f6e735f696e6974944e8c0e6e5f66656174757265735f696e5f944b0d8c0a636f6e7665726765645f94888c08776569676874735f948c136a6f626c69622e6e756d70795f7069636b6c65948c114e756d70794172726179577261707065729493942981947d94288c08737562636c617373948c056e756d7079948c076e6461727261799493948c057368617065944b0885948c056f72646572948c0143948c05647479706594681e8c0564747970659493948c02663894898887945294284b038c013c944e4e4e4affffffff4affffffff4b007494628c0a616c6c6f775f6d6d617094888c1b6e756d70795f61727261795f616c69676e6d656e745f6279746573944b1075620bffffffffffffffffffffff6053b988a58fbf3f469601a3a9ebb63fbe2394ecca63c33fc0b9670442b7be3fd6be234bda0ece3f28cb40bc88e2bb3f21a5ea568ac2bf3f404e849a2286a83f952e000000000000008c066d65616e735f94681a2981947d9428681d682068214b084b0d8694682368246825682a682d88682e4b10756208ffffffffffffffff8f39a4698260f83fac01478c001cf4bfa24b703f904cbebfe88fb4aaa78400c02147bf498448ffbf447966c524a3d8bfc43ff8103521e9bf6c3c16b1d2be00c0af26170fd1a8d13fc70980abe738e73ff44bfa4b96a9eb3fdd6a74ade8cffabfda59a2573420e93fe84f66729cccf93fe9eb17ede590f2bf9119bebcf154f4bf879df749d6fbfbbf11646e2803affbbf6fb866123fa9d03f5a78530d4b42f9bfa2d43c38fd02fcbf2235b98079cde73fe7d1390e8e16ddbf2380505ad60df43f6d184660592ef5bf0b2df8e9592dd63fba71cd86699cf13feca457abc570fabf84d94cc8bb6ad23f0e10080552e0bb3f06a9ff71e6b6edbf0f4aa9869f14f3bfe6ac589c1422f7bf5692bea71330f7bf17b305eaac98efbfcdeed2f8da7afbbf08a4d44018edf03fd4a96e8b7d7cf3bf71bc332e2c7ddf3f02d0eaad1e45ec3f78dd006e8f4becbf35c34ab3e021c63f77b79e7ab053f9bf2d275fe6a8b7f8bf7ab0a0b33f16ddbf741d388a8908edbf8f9200155aa5ffbf6fb2ed3cedccd8bf093bcf01559ef6bfa88c88bfdaedfa3fc7fd69ca3baafdbfbdd4b68d6b93f43fdeb075946b8ddb3f1f40f54529d5f0bfe74bb7c33431d03fe85de60c6fd1f5bf7b53e7e63b14e5bfc18005737144e0bf95c87c04549ce5bfd84a0072fb01f8bf49c136065bfdaabf6c3f07d34f1ce6bf17c729787aabc1bf2d50f95eb19ae2bf291a4700d597b7bf5928f849aa7fe73f762e32cf3a1202c00d8f50ac52a6ad3fbfe12a5e172bf8bf47800ca02bbbd4bf68f2bc9d32b3cabf0dd76f7e0536f8bf409a46c8317fd7bf47c678468199d93f5fb7f3720426cdbfa78e88c9a447c33fbaad4b4bbff0943f52db751c9ad6d03f958d2ddc23ebf83f6babe28784aef6bf2526c6ecf1f6efbf25058db79989efbf167e4bc3c0b0f0bf6b3ceacf3acde5bfb13ad31e2a5805c026862f9086a3eebf86b5ea7aa2b1ea3f7ea17b131e50e0bf6eca31f7f238ee3f96c103c77f54f6bf205afceeb568f63f8600a906b4e9dfbf112243712d56d7bf79397eabf86ee63feac9fe8fa8f0fcbf31a42dc917ddadbf48cca3877227f2bfdd98d2d19c3edabf335e38075c80f2bfdf3ef9e3c1e4f33f029cc3b0aa60fcbfcb1e4c592ff4d9bf1f120bf72ec6f6bf840b8a657ffaf23f9534000000000000008c0c636f76617269616e6365735f94681a2981947d9428681d682068214b084b0d8694682368246825682a682d88682e4b10756202ffff6c1ee6374c43af3fec450a284279a43f461a6eec2442c73f7b616b5c1e2dc93f9b21c4c8b809ce3f4954546821bac73f832195ce5170d63f0f1615a40df3e13fcef290bdea94dd3f49bde6b6d5bcd13f7a0956e1dedce03f05273df61ae9de3f332a29a6aad7d53fd67614af2016b93fb6914a53db86b03f757ba02c4f34d03f0b07a52f5a05c43f4bb8af57c74ee23f9c8b715bde50d63f7f5963029e0de03fad8272474d50df3f011eb0d9b553e73fb83963558127e23f1e3e579a2adff03fa75aae4b3222ea3f97f57fc41fdee03f167ebd374ca9b83fdb66ae723560c13f1a79a10252a5da3f75bdd28bfad3e03f6a30f5decb56e33f45a1553a6f92de3f37e55f9b3152ee3ffd4d843529f8df3fc04dedaf7f5de23f0715d32fa91ce23fadf0269b6a81eb3f575cfc37139ee23fe4c15e9da206ec3f33f67c02d448c03fa75e854bd35ac03fad6bf9a6b3fdc73f9d88ccf57a3ed83f578840b89ab1eb3fb3e09e0169e7e33f4bef0d0edde5eb3f6b765e0f6983e33f61f2f86fab39e63f6ee09de6abc0f63f851a2ac27448f33f7f79cdb64660f23f1f85db64d000ea3f3a49b6e1fe2dc43fdb33689034fdc53ff2bcabf89dc1d43f61db30aa07e5e53f59fc06135bbfd83fb6ac1e69415cdc3fc5a1fb825ccadd3fb3efe9b72d92e33ff75746e9e0bddf3f9190e1c1c9ade93f5cec3983b633db3f2ede11797e84e33f48f6bfeb1b9ce33f8f94af5101f9da3f3d7ef24e06fbdd3f34e47d781ac4ec3f4d74d5a54949d43fbf4aa8f84d01d43f8b31e88786eee23f0702e45a9291ea3f81f25c199008eb3f129a20f9ab0ae63fa55c9df08ec8e33fc0c6eb6b4c6adc3f4a3d33bfcb03e13f20185783c461e03ff61012470788bf3faceaf1574f1cae3f67cd67a085b4cc3f5f7bacb76517d33f8d5b2757078cd13f76df84bd936bd03f2da807025dadd63ffb07852962feee3fadbc71b6a37fdd3fe3a9f7e53b16e63f7f41c22d030ade3fdd27a676549edd3f9119cc641bf1db3f2b22794ccfc3c03fb24ac286bc42ba3f2fafe2e93e90d03f056b65a5eb3ed33febd6351eec72d43fc103199012ccda3f250ffbad7276de3f59a5439f5851e13f0d6c3e7913e5d83f9ff98a7b818fe03f47bd48fb4fb4e03f655981733304d93f83933c18368be23f953c000000000000008c14707265636973696f6e735f63686f6c65736b795f94681a2981947d9428681d682068214b084b0d8694682368246825682a682d88682e4b1075620affffffffffffffffffff883940ad01301040603c7dbeca001440f048d4a277c40240eddeaf9fd8090240df393fd8a7830040540ecf1ac7940240792ca7ed8505fb3f2422df8b055df53f4e5e947abd88f73fde3a230b6764fe3f33845f207c0af63f3397cf72d005f73fca7e6dd44f63fb3f6a6ef0c74c8e09405f4fa76c627c0f40e5d3e9bc2fccff3fa4785ba95e3a0440ea6eb1663d27f53f2c5bbfda8918fb3fb4e0788c0397f63f560d333dc1dff63f5d916b5465bdf23f228a2582123ef53f4fea0dbf8e29ef3f3f682fc779b4f13f0304b475aa09f63f27eb0ba072c6094089df047e8fb60540c4da056cfbcbf83f8ef7eb194e10f63f2e8c716cde94f43fe65588d95b26f73fa7c770a0df6ff03f7984f06a64a3f63f57af157dc11ef53f8b08818c6d44f53fec3b63e6fd41f13fff79bb9d00faf43f0362ba6dc818f13f927f0a55cc6d0640cf93deb871610640ce3f5aca897a0240be9c2fbbfcfef93f6a0563a1f332f13f43340bf28f49f43f815b9631d022f13fc1f519b6497df43fa1a024dcdc32f33f857904bca4d5ea3fd7a76bf01e26ed3fbc1d81c20cdced3f0d640f7fd3bff13f07c81e8ef525044094554f1e304d03400fc37f766a18fc3f6f3cd322d557f33fc2aff261f3baf93f348ff7911909f83f1f1b23c19773f73f87bf23378d75f43fb201048123b8f63f18cac7166edcf13fa4fccdebbe8af83f71dd1c17b87cf43fa0689a665e70f43fafd81fda65a5f83f0f02f79b8760f73f31fc859b1ce0f03f3ae11d74436bfc3f008d02d9369efc3f302b8bf43ecdf43f7bab2e8a368ff13fd48f55846668f13ff32d95cc4947f33f2123656b5b59f43f4632e7612803f83fe117c16937f1f53fbf6f0738b35cf63f2b69ceba81cb0640aa0286218e7e10401ed3067cb0e400408aed46a07a4bfd3f0494b53a8e8efe3fb0b840217f96ff3f1b1e15d60ee1fa3fedddbbcdf641f03fcb4cf8c83891f73f5619f75a3d42f33f84f015eab15af73f4bf5b9d3ff84f73f6730e55c0337f83f4e2d5e4def1a064095a239605bfa0840f7e8a3a37473ff3f7a4ef4a6562dfd3f89115a55464efc3f43c16beb06baf83f81c85bbafb30f73fa73c51c1debff53f289843bf6da7f93fef7ba456bc3df63fe1a315f22d25f63fd0486b3d7397f93f8dcb243da904f53f9533000000000000008c0b707265636973696f6e735f94681a2981947d9428681d682068214b084b0d8694682368246825682a682d88682e4b10756203ffffff6521906493603040a62942e6fa013940a681f1a479031640363974762d561440a43cd4038b0b1140d2816f6927941540ade514f552d10640bea7a55f4b86fc3f802629afd84e0140477a333a7cdd0c40fc18f237dc5cfe3f5f207cb35c900040d45132edca700740f15c8ec2d068244061f57c2ee2fa2e4023e7f45eb3980f40b891e097c1921940bf05d26961f7fb3fc1e73c727bf10640ff9c4815dbe4ff3f8d14fa45c6590040e72f5eeae5f2f53f7f962865e133fc3fb24d718aba58ee3f8c46e57e7697f33f207e8b9a9a5afe3f60ca29c6e1c224401d9a46b05b771d4076baaa670d3703409cfdf964e76cfe3f4217062e9579fa3f4542e00352bf0040b13ae97bcde2f03f3146475bec03004013db1107f7e0fb3f650eeb36c444fc3f94d83fb84b9df23fb5d995dd4380fb3f90f9434cd044f23f2b081564e3701f40d9ec6d324a4e1f4025933b8160571540360162b85a1e0540dfd220f8e77cf23fbaadab133ab9f93f564bc728465af23fc8d151580d3dfa3f2e941f3b6e09f73f884cde0dbe80e63fbc095c7d458dea3fbd8b0150c0dceb3f37ef65429db0f33fccd7b6f13f5f1940eddcb0a7c6481740c48773f0ccaa08403d98a75b7c62f73f9cf0987d60b00440bbe069f1a80d0240984e2eb3cb2f01403726feaf4029fa3fa994d86954210040047dd0c646f0f33f91e2d9f477d20240bc7c7467983bfa3f716f4b2c011cfa3f295ccdaa6ffb0240ee8b1920e613014034c641587cccf13fda01db961d3d09401972c139ee970940fb0f8e41660bfb3f031843c55545f33f7a057f1083f0f23f225e2ee68c3af73f69f5919757e1f93fb01ca0e2bc04024068a1ac0b6617fe3f3d3ff0ee0541ff3fd4d9db98e03c20404f978a4605013140141577a525d6114043c4254b80d10a4080aad5bec52d0d40ad343e1a5a2e0f40ceba8bf4e6930640eb529e8ffd84f03feffce6ab545b01405f9a24f3632ef73f6a7121cd600b0140a04aeb8658490140ea76e79ee35202407d87796c3f8a1e40d5e41ac52f7f234022e30e8d52e90e4022023b4b6d9a0a40134cd88cba09094098e593d1431b0340503bcfd6b4ce00406cf0d99da590fd3fb652ce7d07910440f1f00123b4eafe3fc916bfbe94a6fe3f2d482ad9707704404b451d9c3d9cfb3f956e000000000000008c076e5f697465725f944b1f8c0c6c6f7765725f626f756e645f948c166e756d70792e5f636f72652e6d756c74696172726179948c067363616c6172949394682a4308cfd1c7e0e7a12cc094869452948c105f736b6c6561726e5f76657273696f6e948c05312e362e319475622e, 8, 0x800495ad010000000000008c1b736b6c6561726e2e70726570726f63657373696e672e5f64617461948c0e5374616e646172645363616c65729493942981947d94288c09776974685f6d65616e94888c08776974685f73746494888c04636f707994888c0e6e5f66656174757265735f696e5f944b0d8c0f6e5f73616d706c65735f7365656e5f948c166e756d70792e5f636f72652e6d756c74696172726179948c067363616c61729493948c056e756d7079948c0564747970659493948c02693894898887945294284b038c013c944e4e4e4affffffff4affffffff4b007494624308a34801000000000094869452948c056d65616e5f948c136a6f626c69622e6e756d70795f7069636b6c65948c114e756d70794172726179577261707065729493942981947d94288c08737562636c61737394680d8c076e6461727261799493948c057368617065944b0d85948c056f72646572948c0143948c05647479706594680f8c02663894898887945294284b0368134e4e4e4affffffff4affffffff4b007494628c0a616c6c6f775f6d6d617094888c1b6e756d70795f61727261795f616c69676e6d656e745f6279746573944b10756207ffffffffffffffe5a640fa1b457ac092b0851c915862402723642fdca42440aaef47d3d60d3940bb2b1ed385d52040dd2fa909e1841540bc59121786e012406c483d168e98f13f1cf9978a7ac402c03e06bce5b4db02c0b265f5afb4b215c076d241d109c602c08a93d337ef9afdbf952a000000000000008c047661725f94681b2981947d9428681e682068214b0d85946823682468256828682a88682b4b10756204ffffffffb757855662fcd340451bc479ca4db64048a79b518f349c401abea6c836928f40ad0a20e4b20d844067f8463c37df7d406c489dcca4537340d5a36f55ed8f6940466b68d865bf6b40fd2c903bc7c26340cd1d76196ba163404b4f11ba1dc76340bda0f661ed7b6040952c000000000000008c067363616c655f94681b2981947d9428681e682068214b0d85946823682468256828682a88682b4b10756202ffffd14ae790d9e161404dd3e4c90ae452409ffad601543e45401f87e9fdebc83f407be774b300553940179a76f0b1dc3540d98b1831ba9531407dca82fcbc992c400c575d0b4ecc2d40596e761782252940f749a7433f10294089c1f88344282940ec6e457898f72640951e000000000000008c105f736b6c6561726e5f76657273696f6e948c05312e362e319475622e, 13.364229829021568, 11.5),
(66, 1, 0x80049529020000000000008c21736b6c6561726e2e6d6978747572652e5f676175737369616e5f6d697874757265948c0f476175737369616e4d6978747572659493942981947d94288c0c6e5f636f6d706f6e656e7473944b088c03746f6c94473f50624dd2f1a9fc8c097265675f636f76617294473eb0c6f7a0b5ed8d8c086d61785f69746572944b648c066e5f696e6974944b038c0b696e69745f706172616d73948c066b6d65616e73948c0c72616e646f6d5f7374617465944b2a8c0a7761726d5f737461727494898c07766572626f7365944b008c10766572626f73655f696e74657276616c944b0a8c0f636f76617269616e63655f74797065948c0464696167948c0c776569676874735f696e6974944e8c0a6d65616e735f696e6974944e8c0f707265636973696f6e735f696e6974944e8c0e6e5f66656174757265735f696e5f944b0d8c0a636f6e7665726765645f94888c08776569676874735f948c136a6f626c69622e6e756d70795f7069636b6c65948c114e756d70794172726179577261707065729493942981947d94288c08737562636c617373948c056e756d7079948c076e6461727261799493948c057368617065944b0885948c056f72646572948c0143948c05647479706594681e8c0564747970659493948c02663894898887945294284b038c013c944e4e4e4affffffff4affffffff4b007494628c0a616c6c6f775f6d6d617094888c1b6e756d70795f61727261795f616c69676e6d656e745f6279746573944b1075620bffffffffffffffffffffffb77c02f731abc43f503516f35314bd3f438676e2c547c73f77c00de0dbf6ad3f206d92f59afbc43faa8025cc9717c93f6ebc10a691f7983fcfd9fc7c04a6b93f952e000000000000008c066d65616e735f94681a2981947d9428681d682068214b084b0d8694682368246825682a682d88682e4b10756208ffffffffffffffff934127aaafcef73fe520d09b34b1f1bfb722f0a18fbdebbfa18092f633f2f7bf7af0282f8365f6bfd1129257954fe2bfff2fa1260bced53fbabffe1b40aaf3bfe0394b8bfc71e1bf36abddd67d06e13f617aa59b6c7ce03f851c8ba13526c43f6cb609e402f8d4bfe63581d6c2b0fb3fccc12e51a47004c026286c072840e53fa873f00e0ceee8bf5ae95974de87edbf02fc3267a90be23f754deb868ffff6bf7ad992127b3de53f7acbd1a1cdedb8bf8dfa965ee6a3cdbf366787811f81e43fd1c9e2f9fb77e0bff2e5a72c971ddf3fc14ec23e791efe3f197c6cc3df97f5bfc32e46b23dc1f5bf2344468ce435f9bfa3fdc9b49e5af4bf12f870af3941e0bf81981fcf3cdeb0bf5b5c64815022f5bf2af4a53ff80ae83fbb491d0e74d2ed3ff2323a3d27e7e33fe0eac3c90850dabf8a41744071e4dbbf37b9e8478026fe3ffc9543e1dbc9f7bf44e3d1e3ed71f5bfac57d0a0a5e9f2bf66c660df3c4cecbfd4bc123ca7f5efbf496a388069d5d2bf0bc9139e42c0e4bf317d320055afc23fa535c09b9048f83f078b393a1449c1bf871d1aba9756c83f8777eec68cc7f8bf01733015e1a1ea3fb550591d765cf8bf6eb211058eeee5bfa844056a7042e8bf28f9c04d7797e5bf4efd264d7e2dbdbfa62212128c90d0bfcdbc40931490d7bf03b0f3d7e04bcebf38dca4b4c6f1e03fc31c54e07d37dd3fc3c5257b4a17bfbf47a4fa54d0f5c6bfd22d8e1ce13ef83f16bc36fb7cd6f9bfdaedf70a30e3dbbf94d0c79e3c0ce7bf9615b639a688e5bf88d6ced0751cdbbf7f483cc716e2e8bf940199606b76e3bfa312339582cbcabf76130a46357cd43f71787f71e864ca3f141d144d4253d8bfbf3ed45bd5bbc63feeceda42e79ff23fd32171ad8e06f0bf01fea372bb5dba3f1953c31a2c35f0bf93ced4acf4fb01c0593c5c53a7e7f2bf31b183e005cbe8bfa8c580491f51e7bf0eb4eddecebfd63fe652493239aad4bfa95d3162c282cebf22b723c94fbee6bffbe0de435176f1bfed98a37e30aefa3f2b280539f45bfdbf2a0b096e81a1dbbf7a8ddb598576c83f1e13571da849e2bfe49dea8778adf9bf8e6c46dc3177acbfdf9a8d618856e9bf850933afd07ae4bfb7aa6112997be2bf6a0012d19348e03f57fbfedae614b2bf6476e7b1bc99e4bf9534000000000000008c0c636f76617269616e6365735f94681a2981947d9428681d682068214b084b0d8694682368246825682a682d88682e4b10756202ffffec71f66cc1c3ae3f4cd112bac34cad3fc3889c11110ec03fb5ea8f354dbbd33f31cce8b6692ee03f977e5e679f65ca3f38c0b81dacb1d83f0d95d4ca6700df3f35bace607712c83f79d4ae5018fdea3fc081a84f09f8d43f6f6758657cfad63fbbdd621aa3b8d43fbb68129113acc83f0d8c84eb4e50d93f60af093f1668d03f77cf8be41f13d93f8f1e634ee4ffcd3fd3ac8d48eb75d73f5398ded12c76e03f4fffbc0d708ce13fd9ea6f4ca402e13f72b3c0c573c9e13f210e79a65defcd3f9f7b081a8774d73f6df940f4501cda3fb6d3083daee3b73ff67bf841368bb43fa323821fb144c93fbd84a7cbeeb9d23feb3a49e90177c73fb7ea756b58d3df3f208a80ad11e4d43f01b92755834bd43f497a7602eda0d83f9f94e1f26e45df3fa5b381f22f1be03f3ff8edc0ec2de03f64af09268410d53f6ce10a224dd1a03fac247990bd4aa03facb63b647ae4a23fe3474648b0ccc63f46d49add3cfabf3fbf013112f8fed03fd5af68a98f60d53fc6b24e47b42dbf3f7c45d4389ec1b83fddaf212f00ced13f08318dfbab05d63f8adbda215965b83f7debbba16fc3db3fc67e7a9e1a0eb13f3661ab91cd1aba3fe93c9f450feac13fb7b9245e87bac83f66864d570354be3f92ad9ac07f38c33f9dca40eac9b9cc3f231c8528f500d43f41656684b286d13f873b098dc7f2d63f197e18ea7079cf3f7414d1bc6654cb3ff06285078afcc23fdbc8b0c7fdf9cb3f5b4145dba6c5c53fa94ddeb6ec9bc13f13da71fee6a9d03f91b3ea5a9939cb3f218420b2cdaad23f296a88f4a7b4de3fe4144101b4dae13f555e8a158bd2d23f2c659b591720e23f75cc6cd88efee03f17002a2ead50d43fbcd60500ff65d73f9837efc2b88c983f98436fba3faa9f3fd2bacdef7550a03f7625d1805514b13f7bddb1a09c7fc43f8ccb06289bd4a73f8e3d0d096037bc3fdf985fdcd357c53fa41d59e1f791a43f7522f2ffdbf5bb3fdd92c81ef287c03f83647e31923ec73ff9dd01cdf910d13fb66b0ed3039ab83f366cad1245fcb03f033f364bf8ebd23f00f43a66462ec63f894bdafe5d47d13fad0271ab9060d23f660fb4d732a7da3ff3eadd5b91e6e73fcc475121e65cda3f8b10ce257382e33f810aff81005ae23f73f53a09dc94ef3fa902f27b898ed23f953c000000000000008c14707265636973696f6e735f63686f6c65736b795f94681a2981947d9428681d682068214b084b0d8694682368246825682a682d88682e4b1075620affffffffffffffffffff3c0879276d51104004ee7f4e93b810409b499e99b2960640cf0dcfeccdd0fc3fcfe4307e1380f63f5485af93ce9d014022ea845f13c2f93fd78429fd27fdf63fc84a60cb8f7202407df804ec186cf13fe19ef2aaddf3fb3f4273434acdb3fa3f53f77b4a801efc3f6617ccdbc7380240c5ecae78dd70f93fcca4a914db99ff3ff421c281d48ff93f6b036b435c8600405aa1e75c316dfa3f77dc1876d24ef63f4592de59219bf53ffb5796f4f5f1f53f4f65aea1f275f53ff12f8c58eb8a00408724c700fa6dfa3fc5aaa717b50cf93fcc381a6735300a4036aafd9e853d0c404743eb9e6c010240a216c18c3b94fd3f4329abc347af0240931252ac78b0f63fdd47673c3601fc3ff0b6f78bb469fc3fe179bcbed3caf93f0be4387ebae3f63f3902db567d8df63fde0f63616a80f63f0ac3abe49ae3fb3f43547ca40f1216407de2e94f7b6c1640a2a23942c6d21440f9bdf97c91f40240f3f0e436a8a2064025ee7450590cff3f6f62a9d932affb3ffca0c4ae6eec06403f08bc63c6b909409d084ce0bc55fe3fe6698a5da546fb3fd29ac30c3fea0940274846e6e54af83f003b4b828ffe0e40056e30f26e0d09407526b1b26162054046fb3cf1733302401e795274223e0740a8e8f2ac10a504407ad6bcf423e3004055a64660769efc3f49721ca93393fe3f676c23b348b8fa3f190ad0550f22004022de9a882e50014013bb604a90c504404ad61507a51c01407c621c72c0650340337deafa9e910540bacb2200355bff3f0c2d361fb2580140013e3fad35a0fd3f2f2f35c67119f73f39b720fc916bf53f97dbe3d4de80fd3f244a66426a42f53f6919decd98f4f53f51a0b2f11766fc3f6cdb4fbe2d76fa3f9fa95e966ed51940d2873c2b2dbf1640dd4cab968c68164072b4f9dbe7f80e40f8eef3ebb0fd0340b645e4d9718a124050f389aec91808408aed8bea6897034095c83d76c3f41340544e7a75f43408403d656fb1d14206405057fbdae8c50240df06e4cff3fbfe3fe02e61e572ce0940ec4202c4d00e0f40dd9de878056dfd3f21a413a8ca3703404cee4bcf08cbfe3f58273fadd0dbfd3fc17116bc1bcbf83fd2197e067983f23fde2bae6af3edf83f5c152ad6ca7df43f619ad481c420f53fee9227fe0c1bf03f0264fd65bdb6fd3f9533000000000000008c0b707265636973696f6e735f94681a2981947d9428681d682068214b084b0d8694682368246825682a682d88682e4b10756203ffffff1e640ab378a430405a8e59de777931401342fd82f6e31f40d3049ed8baf209401e4301d336a4ff3f2670526a6b651340f7933150d7bb044014309ebce9830040de11b7cff7441540cda423468ff8f23fb1350d85c86a0840116e81de1f480640ceede6947db5084089404e2f8bc0144024e7da20e83904406228da34fc340f4077458a83426b0440ba4f53d220111140c1758dcfe4d2054021309413471aff3ff6fc5aa2172dfd3f24b937b27019fe3fb6c1456302c9fc3f1d8d55da8c1a11402c140a3830d405403e8cc800e09b0340c90919689f6e2540aa05d81d20ec28405b9c0686344314408ac462965a570b40e53e5babe1d115405e701f1e73160040867074f51e820840ccb2c221593a0940b9a9c770f0c90440faddab0f755f004019f9cae3fbc9ff3f52e9a9342ba5ff3f57dd5b42684e08407a4a9767bf713e40846230a0326d3f40a7277343c8193b409199c0b3e174164018da1a16e20220406f2dd8cff11f0e40ba50cb0365f30740e3065f12eb6b204070ee847e7cae2440b6f550dca7c10c40f85da904d33f0740e888883eb5fc24408f1f2627087102407c0f051d36052e40771b11fe029d23407a8d32649d941c40214433556ab414408766de2ccae12040d6b85f9850a31a4093e80a76e0d21140ea4328db5f9809402b720a00a6360d4090d1ca679b4f06400f7bdb2c67441040be7a26b4f4bb1240d59d2e3070f71a40f1554df7114d124019c6ae2530841740b90d57aa6e131d4012f90ba6bab90e405b6a693166ce124059222163836d0b4091ab46c8a7ac0040de0f966b32adfc3f40cc93de9a330b4061ffb19d6a3ffc3f8f4aa156ac20fe3fde55af9fef3309402eb5dec6bee10540c8e1a3540cdb44402b1fe73e542b40408818d1c62d623f4090c6d5cc42fa2d4081ae2da33afa1840dc5f5a192e7c354042d84bb941252240d55b07fc31fd174053eebc8bf0e3384035c40052c64f22409960a6b4d7f81e40e8cb02f0db061640ac78dae528000e403aa54d6fc7cf244072dcc157bb242e40663e6e580d0f0b40ac0779da4315174013df76bcb8a10d409997962f50dc0b401c111cc2b2350340357df99f086cf53f5013dd84d66b0340cdf1c612583efa3f9ed842f046e6fb3f6c7833b84736f03f9b65a4d74a970b40956e000000000000008c076e5f697465725f944b198c0c6c6f7765725f626f756e645f948c166e756d70792e5f636f72652e6d756c74696172726179948c067363616c6172949394682a4308fc737beea36926c094869452948c105f736b6c6561726e5f76657273696f6e948c05312e362e319475622e, 9, 0x800495ad010000000000008c1b736b6c6561726e2e70726570726f63657373696e672e5f64617461948c0e5374616e646172645363616c65729493942981947d94288c09776974685f6d65616e94888c08776974685f73746494888c04636f707994888c0e6e5f66656174757265735f696e5f944b0d8c0f6e5f73616d706c65735f7365656e5f948c166e756d70792e5f636f72652e6d756c74696172726179948c067363616c61729493948c056e756d7079948c0564747970659493948c02693894898887945294284b038c013c944e4e4e4affffffff4affffffff4b007494624308a34801000000000094869452948c056d65616e5f948c136a6f626c69622e6e756d70795f7069636b6c65948c114e756d70794172726179577261707065729493942981947d94288c08737562636c61737394680d8c076e6461727261799493948c057368617065944b0d85948c056f72646572948c0143948c05647479706594680f8c02663894898887945294284b0368134e4e4e4affffffff4affffffff4b007494628c0a616c6c6f775f6d6d617094888c1b6e756d70795f61727261795f616c69676e6d656e745f6279746573944b10756207ffffffffffffffe5a640fa1b457ac092b0851c915862402723642fdca42440aaef47d3d60d3940bb2b1ed385d52040dd2fa909e1841540bc59121786e012406c483d168e98f13f1cf9978a7ac402c03e06bce5b4db02c0b265f5afb4b215c076d241d109c602c08a93d337ef9afdbf952a000000000000008c047661725f94681b2981947d9428681e682068214b0d85946823682468256828682a88682b4b10756204ffffffffb757855662fcd340451bc479ca4db64048a79b518f349c401abea6c836928f40ad0a20e4b20d844067f8463c37df7d406c489dcca4537340d5a36f55ed8f6940466b68d865bf6b40fd2c903bc7c26340cd1d76196ba163404b4f11ba1dc76340bda0f661ed7b6040952c000000000000008c067363616c655f94681b2981947d9428681e682068214b0d85946823682468256828682a88682b4b10756202ffffd14ae790d9e161404dd3e4c90ae452409ffad601543e45401f87e9fdebc83f407be774b300553940179a76f0b1dc3540d98b1831ba9531407dca82fcbc992c400c575d0b4ecc2d40596e761782252940f749a7433f10294089c1f88344282940ec6e457898f72640951e000000000000008c105f736b6c6561726e5f76657273696f6e948c05312e362e319475622e, 12.555702006517459, 13);
INSERT INTO `accounts_voicedata` (`id`, `is_trained`, `gmm_model`, `user_id`, `scaler_model`, `threshold`, `margin`) VALUES
(67, 1, 0x80049529020000000000008c21736b6c6561726e2e6d6978747572652e5f676175737369616e5f6d697874757265948c0f476175737369616e4d6978747572659493942981947d94288c0c6e5f636f6d706f6e656e7473944b088c03746f6c94473f50624dd2f1a9fc8c097265675f636f76617294473eb0c6f7a0b5ed8d8c086d61785f69746572944b648c066e5f696e6974944b038c0b696e69745f706172616d73948c066b6d65616e73948c0c72616e646f6d5f7374617465944b2a8c0a7761726d5f737461727494898c07766572626f7365944b008c10766572626f73655f696e74657276616c944b0a8c0f636f76617269616e63655f74797065948c0464696167948c0c776569676874735f696e6974944e8c0a6d65616e735f696e6974944e8c0f707265636973696f6e735f696e6974944e8c0e6e5f66656174757265735f696e5f944b0d8c0a636f6e7665726765645f94888c08776569676874735f948c136a6f626c69622e6e756d70795f7069636b6c65948c114e756d70794172726179577261707065729493942981947d94288c08737562636c617373948c056e756d7079948c076e6461727261799493948c057368617065944b0885948c056f72646572948c0143948c05647479706594681e8c0564747970659493948c02663894898887945294284b038c013c944e4e4e4affffffff4affffffff4b007494628c0a616c6c6f775f6d6d617094888c1b6e756d70795f61727261795f616c69676e6d656e745f6279746573944b1075620bffffffffffffffffffffffbba7926ea5c0c63f3367fe440578c63fad7d592593a9c43f52289617cac1c13f5f858f0817f1b73fb90c886b1994b33f5822a67b5728b83fb6e1402f680ab53f952e000000000000008c066d65616e735f94681a2981947d9428681d682068214b084b0d8694682368246825682a682d88682e4b10756208ffffffffffffffff71e9398930efe13ffbd0789a1712e3bf003f0718778ac3bfae3a56bfb64efbbfa2a8bf7378fbf8bf4f4da4c7d13ee6bf6471e78f9262fabffff661e3ae15f0bfb63161ff1fa8febf79ef598cb6babd3f9b4baa66ccebe2bfcdf1ab87f026e4bf93cfc239e793f4bfc806e85158d4ef3f91dfe51f9fd8f9bf36375378b821b83fef97f6b08638d9bfb7e624d84c4be6bfc6a66ebbeda6e2bfb02ba8b5596cf6bfb7c1ffa0c75fe4bf699d61cb41f2efbf7f430eb442a5f2bfcdc5beca5affb93fda8fb1ddfa08d2bf76a90b0adad5e2bf7d45520df375f63f90e2f96e1642e3bfc73119889e03f9bf7061e179001c01c0c047b816d2e6f2bf5aefa3cb7f87e7bfbf76a4cf92d003c0dddbea5ecaeec5bf459d79a19c10f8bf4b0485ce7e07e13f086b8fbd7d77debf8c220ee6039bf5bfa8aec9305a66f6bf7fa0964c1f37f93f308ed9cdc946f6bf8fb925f3e43ee5bf2902e2a22679f2bfe85454a14638f6bf05cdacf686f9923fe33b8a6bb6ebedbf072b6959377af6bfb2ccdcc28afce4bf49454c43cb46c4bf1432719afde4aebfe68a1f4a5109cfbf8baa83fba501f1bff065e2fe11f2e83f5de19a9b517efdbff55f71f5310bdebff70eda7ba27df6bf75f3836c9972f1bf376afdd60a00cbbf86137adb599508c0c8fb95e2746ce53f13573ef6b6affebf6df1d790616cf33fe3254b21b0c2f5bfa330813202b1d4bf14ac4f63a577eebf9ee0007d74bfea3f6f8ac9fcfc30fbbf2728dd3a79f4d63f7d59cad1abb5e03f156a35bd82acf3bfdcc301e5ebf2f5bf9c9a23981d7001c0b7186dd328e4cbbf98dfbcaf379906c0611189698bd3e0bf9c8c0ce43628f5bfb4ab1e5e79bce4bfde10b46853ccfcbf8bb030cdfba8f23f8d034a809ba4e7bf1cc5ba886e63f3bfb84bd2868658eebf1ae1087aea7aecbf6cd8f9dd0022fabf2d162e9adc9907c02276c96b88b3e8bfe8e4e00d8f92f3bfe3f789df0a36b8bff10bad768c8cefbf51652b8ebadde3bf9b879f77ee05e0bf02fbfccac810f73f7084e8d7a0a807c071035b56d3e8f13f0ac1be43bc87ebbf93d229c01dd9e0bf0b9a827cedc0a5bf387d1d91e2e402c0e23b8f36f1f0e83f4f075a2d22d9f8bf2116c5432a2fd3bf1f158ebf1d92e1bf15f4ee5dc3d3ce3f413e72a1ceb9efbf9534000000000000008c0c636f76617269616e6365735f94681a2981947d9428681d682068214b084b0d8694682368246825682a682d88682e4b10756202ffff65670f67806fcf3f0213a06effdab83f3825267a5923e33f5b3cb8295dcce23fdfb41dc1489ae73f6518062bbd49e13fab58c87cb00ce03fadbfbd4ad1ffe73f17a04f15e73fe43fdb5c5acc57b0e13f8904b22abfd0ee3f09199d540469e43f45a00db02225e53fe7f97af2ad92cd3fb63c6cc93ec1bc3ff058bebba089c43f27075218ebdae23f3ce47fb971bfdf3f110666b9d9a0d23f618307f69483dd3f770606879599f03ffb26369952c8db3f5b80be8be7a0e73f0534e61043b6e33f9f6d1afbab20e13f0214d1b342d5db3f76d4d17532cbb13f34aa5d9471f3a63ffb6941d6ee45cb3f5b88fbdef474c23f5b1d62aa7cf2c03f9b20d5a7115bcb3ffd518d55cf2ed93f8266e8bcab70dc3f3fd154d9f935e13fb79890835481dc3fdf15b482e997e13f7de1e1325426d73fe110e1274fb6d23f96155eb905bab63fec269beef78eaa3fb6fdd2127042b33f938fd7ee945bc13f21b3acb39ad1d23f02f8ec1794dac73fe2657fe05e3ae43f2d53724332f7da3f0d857e596bdfe43f575d4d3deed9d33f1da450d9c0bbe33fea76371ee2add93f1d586ffe1368e53fbfeca998ce56dd3fd7356bc9dc98e53f0c2d9690071ce63f6d5398fa816be23f13ff3d085ddfca3ff84e87316226e53f672330f413ace53f5569dedc10ede63fdd8362fe5fd8d93f0d021892d11bd93fd90e70021bdae13f5b00a6f08002e53fdfc434c30700f03f33f15f595c9fd43ff55c03246a2bd23fc0091fa01702e43fe82cfc50893fd13f815fb1d9a113d53f73c3e736dec2e53f6741d07eff7ee73f4426c31fbc20e23f9d965af9cbd1d83f646240cadab4e53fab74b840005bea3f0d94be553513e53f1323ef704007e33f8b60645ab1a2c33fec9f3d0747f9ac3ff37acb46ca0dc73f27d29f88bbdcd63fb7175a0bc1dfce3f35de7a387bedda3fcd83411e2678d73fc9f1051c7e30f03f89e01d55bea5db3f39329ee0ef1fd83f173f47221825e13f4955385f0f60e33fd0c2337ec27bd93fd6f8e17fb42fbb3fedddcef9858ed33f413be085515adc3fd311002baa36d03f411afa7c9c6ec23f6fb22a537fffcb3f5be72cbc135fc93fa5becec7594adb3f4dbc27888bacdb3f9b32e59dea6dd73f6590665454ace13f529444cd949fd63fcaa1fd9d6360e03f953c000000000000008c14707265636973696f6e735f63686f6c65736b795f94681a2981947d9428681d682068214b084b0d8694682368246825682a682d88682e4b1075620affffffffffffffffffffb65985119c24004012fadbafa0ac0940de2ab6cb75b0f43f6a1ae91a1de0f43f5ab4ebf74ba1f23f738ae13da7c4f53fa3e33fb2aa97f63fc64f0440b979f23f8c9ad9f30a1df43f3233bb902885f53f8dd5143bfc4df03f2a7b859bbe08f43fa77802c0d6aef33fc27e089cc3a400407bb03420bfde0740904ba265d0f8034059cef5f70cd8f43fedb0241594b7f63f2f1ae5b81ea8fd3f65f1b7c8a58ff73f76a8f5b59a6aef3f08dca6e4c248f83f6913a9a6af9ef23fa4cf41dcca62f43f36450e7cb0def53f7fd384561d43f83f71eda69220580e40c8463fad89e41240a455848ec554014063c5ee5a511105407685d71b69fc05407c6c1642124e01407fb1db95c381f93f904dcb8f7700f83f50a1302923d1f53f272a0d0873f9f73f0f63f27e1494f53f0254f226789afa3f9c8cfb961897fd3f107a405f91d90a4064d23cd312901140da99557bac2a0d400284652a74b90540295dfd409b81fd3fcd8c5e821f880240969a7ddbca1ff43fa67f517339a6f83f1c618a7d9acff33f1065da668abafc3f26fcad87f45ff43f4f772f845842f93f712a52cff78ff33fa3a95d7199a1f73f37ab5730d379f33f86a4b601b73ff33f85a99ff4b716f53f9bbbbe92b97501408e01b31142aef33f821876f22e71f33fe5089d3b2ae7f23fc2f8c9588c2df93fd50a1d33678bf93fbcc410c5ed6bf53f1e309b0309bff33f350ece3cf8ffef3fa4634084b62ffc3fb62202f05c07fe3fcf9ba275043cf43fca36207d05d2fe3f7f1fc00c8be1fb3f75ebe005fe66f33f5aa6c4241aacf23fc1da02a30942f53fe23e928962b1f93f1f1d8652406df33ffbbd73fb5aa1f13f181b351434b7f33fcbfbf3a0b6bff43f958a83eaf06c0440da141a3c99d01040b3531defbad90240dc7179c627c5fa3f31d7434c054a0040ef1a5b5babaaf83f385bc9f3ef6bfa3f8d24d60aefcfef3f3c17b3dded57f83f6b4339546c0ffa3f55bf7038dedbf53f2abdbc42f28ff43f3a9a50b2235bf93faa1830f68d8c0840e1a87d4fb8f1fc3fa87bebbeeb09f83fd9c9925de0c9ff3f451c615ef1140540404b6633f61a0140fa114e600df801409d525dff8e80f83ff1e0a4dbef54f83f7f850459b471fa3f9110d2fc9987f53f2e66cd8b3de9fa3f19fe6f23a45df63f9533000000000000008c0b707265636973696f6e735f94681a2981947d9428681d682068214b084b0d8694682368246825682a682d88682e4b10756203ffffff3be14be78b491040db1551555e99244044502ca0c0c0fa3fa7326df28b3cfb3f9b7018f844b1f53fe13db00aa89dfd3f783b3117b3e6ff3f18ce52da7e55f53f83765b19d048f93f5c67b8aedef1fc3f8c996a91749df03feeec474ce115f93f8f6d1892b436f83feb1c67eb275011405721a03e41ce21409e6f4a380cee184095f317ca8527fb3f8f8a71c588200040e223d2f12a7c0b40d339952503590140486d6de4eed7ee3fb333a2c8c96d0240664ba00b31abf53f9fb2ba255df9f93faaaeb2aeaae4fd3f2f6fbcc4386502403cbb40c62fc62c40d398381ef64e3640f0edb8f2e4c512403eac314d88bd1b40df40b5da21361e40edd688be63b71240c1edbacfcf54044056ac6f59b3000240870201f3a9bffd3f59bb5de32df601407d098348101afd3f35c983e5ec1d06401bbacb01a65c0b402509f978538726400dacd153394733404397f08791952a40424dea80367f1d40b4717854f6340b407c113bfdcc761540157bd850ba4ff93f77d16da1b5fc0240b4b76c9d9487f83f1974409fb1ca09402a5797c922f2f93f5f47a0dc33f003400a1dfbf8fbeaf73ff727dba57c7301403bf0ee27f5b4f73f407c6c5d5028f73f70ce4624c3cbfb3fdeca3f8a8c0d13402beb1ac84635f83fd0fe8227f09ff73f3b240ada2a55f63f98d6dc1f6ccf0340983eb68930640440412c452f28aefc3f73bfcb4f9e5ef83f77fe9d79f0ffef3f032ea68bc6d3084019edbaf3cf2d0c4048078a47ec96f93f8d9ea7b22caf0d40abb94353d04a0840971d82443287f73f17b2fb0476caf53fa7236edb693efc3f08d1354201a10440517e65c16296f73f4bc95f8f3c6df33f97e2f5674d4bf83f994ac9b241e8fa3f1b53d20c40131a40275e0a0ed2ab314030fd1f8177351640e68072541f650640fee28a0961951040c7e948498f0303409ecfdcffd1d005402cc3944826a0ef3f9542da68d68402409dbcda7717390540b5637fb3f4dcfd3f82ea94afec6cfa3f5aedcb596b170440c512e84d3ed5224034cf6e6f242e0a40875ec5b1e40e0240350a09461c940f40560a640115c71b408bd92c9c7849124023895a0b222e1440d2e885f9dac20240d951be3b498002404873541659da054021c7fb7371f8fc3f8d04e80ba8a1064075c7236ca743ff3f956e000000000000008c076e5f697465725f944b0a8c0c6c6f7765725f626f756e645f948c166e756d70792e5f636f72652e6d756c74696172726179948c067363616c6172949394682a430846d6b058757e2bc094869452948c105f736b6c6561726e5f76657273696f6e948c05312e362e319475622e, 10, 0x800495ad010000000000008c1b736b6c6561726e2e70726570726f63657373696e672e5f64617461948c0e5374616e646172645363616c65729493942981947d94288c09776974685f6d65616e94888c08776974685f73746494888c04636f707994888c0e6e5f66656174757265735f696e5f944b0d8c0f6e5f73616d706c65735f7365656e5f948c166e756d70792e5f636f72652e6d756c74696172726179948c067363616c61729493948c056e756d7079948c0564747970659493948c02693894898887945294284b038c013c944e4e4e4affffffff4affffffff4b007494624308a34801000000000094869452948c056d65616e5f948c136a6f626c69622e6e756d70795f7069636b6c65948c114e756d70794172726179577261707065729493942981947d94288c08737562636c61737394680d8c076e6461727261799493948c057368617065944b0d85948c056f72646572948c0143948c05647479706594680f8c02663894898887945294284b0368134e4e4e4affffffff4affffffff4b007494628c0a616c6c6f775f6d6d617094888c1b6e756d70795f61727261795f616c69676e6d656e745f6279746573944b10756207ffffffffffffffe5a640fa1b457ac092b0851c915862402723642fdca42440aaef47d3d60d3940bb2b1ed385d52040dd2fa909e1841540bc59121786e012406c483d168e98f13f1cf9978a7ac402c03e06bce5b4db02c0b265f5afb4b215c076d241d109c602c08a93d337ef9afdbf952a000000000000008c047661725f94681b2981947d9428681e682068214b0d85946823682468256828682a88682b4b10756204ffffffffb757855662fcd340451bc479ca4db64048a79b518f349c401abea6c836928f40ad0a20e4b20d844067f8463c37df7d406c489dcca4537340d5a36f55ed8f6940466b68d865bf6b40fd2c903bc7c26340cd1d76196ba163404b4f11ba1dc76340bda0f661ed7b6040952c000000000000008c067363616c655f94681b2981947d9428681e682068214b0d85946823682468256828682a88682b4b10756202ffffd14ae790d9e161404dd3e4c90ae452409ffad601543e45401f87e9fdebc83f407be774b300553940179a76f0b1dc3540d98b1831ba9531407dca82fcbc992c400c575d0b4ecc2d40596e761782252940f749a7433f10294089c1f88344282940ec6e457898f72640951e000000000000008c105f736b6c6561726e5f76657273696f6e948c05312e362e319475622e, 14.38592624020755, 15),
(68, 1, 0x80049529020000000000008c21736b6c6561726e2e6d6978747572652e5f676175737369616e5f6d697874757265948c0f476175737369616e4d6978747572659493942981947d94288c0c6e5f636f6d706f6e656e7473944b088c03746f6c94473f50624dd2f1a9fc8c097265675f636f76617294473eb0c6f7a0b5ed8d8c086d61785f69746572944b648c066e5f696e6974944b038c0b696e69745f706172616d73948c066b6d65616e73948c0c72616e646f6d5f7374617465944b2a8c0a7761726d5f737461727494898c07766572626f7365944b008c10766572626f73655f696e74657276616c944b0a8c0f636f76617269616e63655f74797065948c0464696167948c0c776569676874735f696e6974944e8c0a6d65616e735f696e6974944e8c0f707265636973696f6e735f696e6974944e8c0e6e5f66656174757265735f696e5f944b0d8c0a636f6e7665726765645f94888c08776569676874735f948c136a6f626c69622e6e756d70795f7069636b6c65948c114e756d70794172726179577261707065729493942981947d94288c08737562636c617373948c056e756d7079948c076e6461727261799493948c057368617065944b0885948c056f72646572948c0143948c05647479706594681e8c0564747970659493948c02663894898887945294284b038c013c944e4e4e4affffffff4affffffff4b007494628c0a616c6c6f775f6d6d617094888c1b6e756d70795f61727261795f616c69676e6d656e745f6279746573944b1075620bffffffffffffffffffffffe8207ba8196dc03f51d458245621cb3f5bc11df0ff2cb93f84e05f63b13eb43f660492d5c29bcb3f5706e424ec0eae3f123eaf741399ba3f9b2995e05f9fba3f952e000000000000008c066d65616e735f94681a2981947d9428681d682068214b084b0d8694682368246825682a682d88682e4b10756208ffffffffffffffff25fe885b54e3f63fcf4fd6807912f5bfe24d4a44222198bf7b83e376850101c018ed46926fead6bfc6e05273b9bdd4bffa8eb382bac0fcbfcb57d7c4cf6de6bff90ed742b67cf3bf3144fc9b44a3e73fe99b516c4421b4bf5cc032676a6bdebf4daf04ba20a7ebbf08b9537a9d04f33fda6d4a58f259fdbf9379fb19fb587dbf6fa71f2edb0ce7bfe1f77820a47fe1bf18c4bd1d9b3dd2bffcf2e4a15622f4bf40a9a66a5a03fabf2b6deaad96f7d5bfd70219d34a37debf1be62019129cd5bfe17fd5ee81ea61bfecb96008dbb6d9bf955b7428dac5f73f3197ac97b35a0ac00b85244f0044dc3f71c11022c440e8bf0cbff9c7fd4ff0bf305c99bb970abc3f2e23a5f97d13fdbfd0a2723d80f3e0bfa454b9232e81e73f33bb681fc2fbf4bf0e91db6d3ffcbc3ff28c8f215c71c73fe95734d6dc06c6bf771685eeb46df23fd9e1d560f03102c0b5109180cbc4ea3f17ec7685c329e23fa72430723bf2dabf2d5f07d825cdf0bfd9f925097b10ebbfa35076a72f36ddbfb0edaff67f03f8bf3e03e8febf41f2bf9ec0e0c572b6debf99f4696e70aed8bfda286aa008b9ebbffe11b3214ac1fb3fd9488c9d7645f9bfac3348b6ed16d4bf0961906ba1bdf8bfae01b1884b2fd4bfb28c6c9d8182e8bf9d0a78fd677c06c07474b738f654d63fe78f4ea3cbf7dbbf65e31ca957a0bc3f8af0ca657366ccbfdeba2ebcefc6bebf549dfd9cf513d2bfcdd7ab3d3396e6bfb1d783fc5e50ffbfb2f6337be2c3c53ffd3cf9a6c453dbbf0b1bd8b03e77b23f7ed1e16b1884d63fd7267ce2cdc6ddbffe673127e705cabf85ae4c096661b23fdcf0cb18535ddb3f1842d1bb1bd492bf1496ed87b705ca3f9f311a8ed0d0e2bfd21d30772715eb3fafa449dcd7faf1bfdc43606dc713e83ffdc6e884c004febf8823f34ec7d6efbf1c270ef320cee3bf71894eeaba82dbbf957aa9cc0f03f1bf230cc5645c43f3bf6447ec0a9061e4bf31b763216c4ae9bfcbf2fc77c55be1bff02b204aa1b2eabff67c084eaad9d93fa66d1dbe3af1f5bf3cf05132c2fdca3fea2fafbfa31decbf5711625b7710e43f63ed2a20bcd5a4bf893ce3687f66fabf1f7d382c7f3fd4bfe637fe440a2af6bfa1d2c88f9f32f03f038c1216478fe4bf994dc2d21609e3bf8b5947cee7f6e5bf9534000000000000008c0c636f76617269616e6365735f94681a2981947d9428681d682068214b084b0d8694682368246825682a682d88682e4b10756202ffff4bdc6fe0ce94c03ff61b42ef2651b43f071393812523bd3fdbcaab32de00cc3f6dc95f82817cd23fc5c481e05aafce3f2b08b020bb8ccf3f1538b8bc811dde3fed0ebb33552dda3fc70c0b61f449c43fdb4124a18cb8d43f635142960467f03f350c31f40d6fde3f215ca9b5c3e0d03f2bdd817e05b0c63fcb98c56df355ca3f721ada0ac606e83f0af53b1111c8da3fe09cb7cdbf8cdb3f6383fc50251fe33f77f1eadd1227e13fa76f1b58f3ffe23f1371a7db642ae63ff157052e1411e03f8a208da4a535e73f73aca1f5b17ce13f651869d8996cd03f07add3282f9be03fe2c613154ad4d23fb39e37c8845dcd3f95b994e8cbd5d13fbd807daf48ddd93f4781c1cf706de13f4a1a38d47de1e83f53a65d063611d93f65791fa0a784d33fda63b97b48e7db3f847794af0ed5ec3ff50391ebd392d43f63b48b4d3052c83ff683f8c1c5ecba3f25de74906102d03f2f6c2b40fdf2c13ffa53ad66d1a2c93f55893e6f2e16d63f63f13b20ca76da3f03c4b1dd3f77db3fbbab77c61efece3f05cd3ce05b3be23fb2bc508c3976d23fb49d0dbafdd7ec3ff7fb7bf1f319d63f7638fb01f0efbb3facc058658152ac3f45cc01e932cdc23f1573f2ef50f7d53f39a2d289ce08c03f9d6a963dbfded13fdd7dd7a97ef9d43fbb9178378a97df3fc6a0ebd537a6ce3fd1ba0fe1a562db3f5ca60b4b7d50d53f37b5c6df5338e03f2127ebefee74d53f99175285e52dc33fb66206f39f38b73f19802825e5fac33f35a5135c5d55cb3ff518fd20c780c43fb122feae0d2fc43fbd5cc43a80adc13fa83ddc3c2fe7d03ff1489a8b60a3d23fb1e5d41c71e0d03fb61b4a208cfcc73f4f8f6bbe411bd13f8c7aebb01a5eda3f1b71b448eb24c53fec9dc0cc53d7ae3f19e99f8e3ef1d23f6de17972eee2d83f173c76962b21e13fef153bfbd8a6da3f2e7f2947d913dd3f378cac591f47e13f29ae02317584e23f6f42876f45aaf03f011103921a66de3f391cca9e10e6f03fe1cd49a3457ee03f696a6a7953d5c13f8cd8f29e57b3a33f2c53fcc9c394bb3ffbdb84b52a29d63fee104502c63fd33f690c6ceedf39d03f033dd6d31ce4e23fb260f0af3006e13f1d281ba61d81e23fa5ad43195544e33fcad64c869d4cd53fb35cbfbeb097e33f45e2272a93cbd83f953c000000000000008c14707265636973696f6e735f63686f6c65736b795f94681a2981947d9428681d682068214b084b0d8694682368246825682a682d88682e4b1075620affffffffffffffffffff3b3d90b02d3a064082a159d9c2650c403f13222b83b607407225a1088b1a0140cf1ccd9637c5fd3f63b490e9d8560040dee1ddfe1f1d0040715e059c2153f73fc9ab7e748f04f93f6083fdcf0e1804405d022b8a8f1efc3fd7a74baee29aef3f94d4b0b5cc33f73f8927d1091528ff3f8ea9d67887000340ad8537a30ba301402871ce630c77f23f6e1fd141e0bbf83f1056534af662f83f46653addbbb2f43f7401f04c9bdaf53fcb369fd3b2c3f43fd796884a7939f33f0bece36f9494f63f147d907084c9f23f5917b9d5d8a4f53fcdcb5e118395ff3fc27b6fe1e835f63fc07bde99807ffd3fc236bc80cdb30040d648c0ef1a4ffe3f00478090282bf93f213663bf4faef53fbbfbc40d2e25f23f66af4941ce90f93feecf389808f9fc3fb17e6338463bf83f2a9933b825dbf03f4f306b084b38fc3f2ac7ba35555a02403decf879feaa084050fa8bb39efdff3fd066e14c0f5d0540ac09f7fe3fe00140aefe43b9713cfb3fdd410b98bee1f83f22cf8bdd7f6cf83fe811597a08420040ab7b1d727e32f53f7b049d9b47cafd3fbd88193f4adaf03f51a3aeb61e3afb3f7ff5ff1a85370840249fe0b5d2011140609e1270a6df0440db26af9e8d4ffb3fc55f65c4669a06402efa13da8247fe3fb9d9a1dee4f2fb3f5049d570e8c5f63fa78ae8344859004077af75f6ad75f83ff7bd9ddfa0b9fb3f5a6fb8fb3179f63fe616883f0ba2fb3f69bba5b3c4aa044057b07b1cfb8f0a4088f6d019a93f04408bf6bf6ce04f01401972f9631ffd03408374b7626e250440d066185ae38605405e1f77c22922ff3f9324b80c1ca6fd3fbdd277476128ff3fbb004f9efb7a0240e4a1dcd9a2f2fe3f613c548b61edf83fff5b8589f0ae0340f779a0d53e4c1040383dab68ec68fd3f3e770ab488a8f93f7c50b9055fdef53fb9642a8845cbf83f47378034bfbcf73f5739cc204dc6f53f883e14167e08f53fd4966f26dc5aef3f678a77ec3637f73f130ac5c43123ef3f537a1cff5749f63f2691d470cc6e0540386b39874d641440f850c6df6a5f084000eb9a87c430fb3f5e6bdf26b12cfd3ff019e73fbbc6ff3fc1d528d3f9d2f43fbc6a6f5aaceff53f262e343b640af53f4de6f5b4b89ef43f51196a3f26bcfb3fd529d14aac72f43f08fec2929bb4f93f9533000000000000008c0b707265636973696f6e735f94681a2981947d9428681d682068214b084b0d8694682368246825682a682d88682e4b10756203ffffffe6364f31d1e01e409251fb9658332940a74825846d92214041a1ea7a93481240d212253634b20b40eeeb6c3a89af104086a3f701753a10406060c44658000140e92666cc208f034086777734493c1940fc31726198b5084002efc5dd0437ef3fd1e5ce1ecad20040629cabf7da550e4068dd78c34191164041fefb37f670134091b5e6a8514ff53f3b85de6d1f1e0340f5d66b7ba3950240a41faa45a2c6fa3f14f4c97782d9fd3f5901c3af98f2fa3f1eecce844e19f73fb4da29f3fbddff3f1c8c1911540ff63f55c59d995b47fd3fe9435280682c0f40f3ac0510f6d4fe3f1a68ad1d15310b40b057e8917f6f114096fa9e0e16b50c407c330097a9cb0340d596745efc60fd3faa747f04fe93f43f5422808bd16c0440f5ae2618613b0a4003441f20575902400ca3520905c2f13f2cfb0856e6e20840f48046b93d0d15404a09ad6e0f042340575b69943dfb0f40c50bbc6b65861c4055f1affecef8134061a5ad14722e07407231ba68d6580340ed1268ad2fa40240a400a87a2185104064e5bd452b15fc3ff573b972a0bb0b40ed11c3a636c0f13f4367ba637d2a0740a16836fca75322409cfcaaf7df13324082eb654e563b1b40dcd379c1044f07404978ef986cee1f406d3fa427b5a60c40f559bde31569084087ecaa97e7340040308d639e82b41040087c7cb535b20240b9829c48740508400e9dd678df90ff3fb8dc1c8da7dc0740920f7a5e0ab21a40f3164ae27f0c264071e7300b24a019406cbb95ab4bbb12408bb567fecef818407ec34c88eb5d19400cb543f985f61c40d888ba61554a0e400d4f2a1a71780b40c38dd26e6f560e407df3d47067581540419cd91a21ee0d405d81073ff36a03404df16b04f4361840352b2501e99930403841318584070b4083c6fa36cd920440ba9d19fecbe3fd3f6e460687f335034010ad9726ac9b014000a1772c24a2fd3f41d4ec7b4fa6fb3f98f8ba860cb9ee3fc7f61639bed70040e0996922574cee3f7a2a6a32020bff3f18a871edd7b51c40c883a19c36fd394093139fd33c902240b93c23f7951a0740388f74813f990a407f414efddc8d0f4087cd097d4e1afb3f1dd3b2a12a13fe3f45df26db4dabfb3f5b02b14cf492fa3f7ce099ccd209084017577499e421fa3ff816786e2ea60440956e000000000000008c076e5f697465725f944b0f8c0c6c6f7765725f626f756e645f948c166e756d70792e5f636f72652e6d756c74696172726179948c067363616c6172949394682a43086cf118a0658e29c094869452948c105f736b6c6561726e5f76657273696f6e948c05312e362e319475622e, 11, 0x800495ad010000000000008c1b736b6c6561726e2e70726570726f63657373696e672e5f64617461948c0e5374616e646172645363616c65729493942981947d94288c09776974685f6d65616e94888c08776974685f73746494888c04636f707994888c0e6e5f66656174757265735f696e5f944b0d8c0f6e5f73616d706c65735f7365656e5f948c166e756d70792e5f636f72652e6d756c74696172726179948c067363616c61729493948c056e756d7079948c0564747970659493948c02693894898887945294284b038c013c944e4e4e4affffffff4affffffff4b007494624308a34801000000000094869452948c056d65616e5f948c136a6f626c69622e6e756d70795f7069636b6c65948c114e756d70794172726179577261707065729493942981947d94288c08737562636c61737394680d8c076e6461727261799493948c057368617065944b0d85948c056f72646572948c0143948c05647479706594680f8c02663894898887945294284b0368134e4e4e4affffffff4affffffff4b007494628c0a616c6c6f775f6d6d617094888c1b6e756d70795f61727261795f616c69676e6d656e745f6279746573944b10756207ffffffffffffffe5a640fa1b457ac092b0851c915862402723642fdca42440aaef47d3d60d3940bb2b1ed385d52040dd2fa909e1841540bc59121786e012406c483d168e98f13f1cf9978a7ac402c03e06bce5b4db02c0b265f5afb4b215c076d241d109c602c08a93d337ef9afdbf952a000000000000008c047661725f94681b2981947d9428681e682068214b0d85946823682468256828682a88682b4b10756204ffffffffb757855662fcd340451bc479ca4db64048a79b518f349c401abea6c836928f40ad0a20e4b20d844067f8463c37df7d406c489dcca4537340d5a36f55ed8f6940466b68d865bf6b40fd2c903bc7c26340cd1d76196ba163404b4f11ba1dc76340bda0f661ed7b6040952c000000000000008c067363616c655f94681b2981947d9428681e682068214b0d85946823682468256828682a88682b4b10756202ffffd14ae790d9e161404dd3e4c90ae452409ffad601543e45401f87e9fdebc83f407be774b300553940179a76f0b1dc3540d98b1831ba9531407dca82fcbc992c400c575d0b4ecc2d40596e761782252940f749a7433f10294089c1f88344282940ec6e457898f72640951e000000000000008c105f736b6c6561726e5f76657273696f6e948c05312e362e319475622e, 13.91361923592928, 10),
(69, 1, 0x80049529020000000000008c21736b6c6561726e2e6d6978747572652e5f676175737369616e5f6d697874757265948c0f476175737369616e4d6978747572659493942981947d94288c0c6e5f636f6d706f6e656e7473944b088c03746f6c94473f50624dd2f1a9fc8c097265675f636f76617294473eb0c6f7a0b5ed8d8c086d61785f69746572944b648c066e5f696e6974944b038c0b696e69745f706172616d73948c066b6d65616e73948c0c72616e646f6d5f7374617465944b2a8c0a7761726d5f737461727494898c07766572626f7365944b008c10766572626f73655f696e74657276616c944b0a8c0f636f76617269616e63655f74797065948c0464696167948c0c776569676874735f696e6974944e8c0a6d65616e735f696e6974944e8c0f707265636973696f6e735f696e6974944e8c0e6e5f66656174757265735f696e5f944b0d8c0a636f6e7665726765645f94888c08776569676874735f948c136a6f626c69622e6e756d70795f7069636b6c65948c114e756d70794172726179577261707065729493942981947d94288c08737562636c617373948c056e756d7079948c076e6461727261799493948c057368617065944b0885948c056f72646572948c0143948c05647479706594681e8c0564747970659493948c02663894898887945294284b038c013c944e4e4e4affffffff4affffffff4b007494628c0a616c6c6f775f6d6d617094888c1b6e756d70795f61727261795f616c69676e6d656e745f6279746573944b1075620bffffffffffffffffffffff135f895c023acd3f6407ca8e7fd1ab3fe56c59ed7254b73f6af4eef9bb1fb33fed03825fe803b73fb5e3db0c8840ca3f22f03a5b2953c73f40319068c103b33f952e000000000000008c066d65616e735f94681a2981947d9428681d682068214b084b0d8694682368246825682a682d88682e4b10756208ffffffffffffffffda46a77870cff83f810323266133edbf22254e6f3595c8bf43cb9c3f162e00c0e452cd84bd1ffebfff4532e00794b0bfbb97731bed4cf5bf5e1bd25d4712c23f765ef6cb93fbf8bfde019322ce6de73f0b04daaade89c53fc06e31e26ca0e5bf6b51e1153863cdbf08516c107be4f03f1a243a61843009c01e9041935e87f23f4b2f33b836a700c0dbcef37edc79e4bf02067e8df80cd9bf480f8040b83ef7bfb3fc972b824fe53fb19337d314a5edbf69a1f4fe254edb3f29070587d5bad3bf19a87613ea29d33fbdd7d313d046d73f5fe772d57f9bf63f058cc28d9fc4f3bf1ca17fe12d1ad9bf7dc8b347d4f4f0bf3c661bfa0ee1e1bf35790c76f064cfbf6f46da859dea01c06fd17c2b1c1edebfe6d924b92f75d4bf7d0e0e57765ab83f868e03eca103dfbfafb72f35f86ddc3fa13457dbb769e4bf085c39d9bd10f33f9bdc5d992c80fbbf0f4a92429e4ee43f9e69cb3a5f9ae43f1cd2f937773ef1bf8866ea60399cf1bf2a8ab8684bede6bff67a28a752b0d9bf8243ca83bd7c00c0eaabdfecf5dee3bf02b931a4300ef0bf43f64dcc8093debff2187a2afa1ae8bf53b46ffc8e6df83ff35bb17574b7f1bf36ea937ee1feb7bf97172cf50be3eebf0879827afedcffbf349e220ac9bdf0bfef651b73ce08fcbf0bf32ae651509a3f18855b900e5cffbfd9f2e2198163f03fd862cfeeb6daf5bf81688cb3d007d0bfca1f2dab345bd63f3bc852efa14ee73ff3bb36e897f4e6bf9fa2443d3d12df3f9bdbf1d26c8bf2bf537adc794c21fabfd354dc9b7fefbbbf58ada3e1b562ecbfaedac2ee1302d9bf7c9b46834594f9bf9b16504a1a4895bfc98ad3a8dc1beabf73eb8dbf749cd0bfa45b2128eb1ee2bfe58f683ab801ed3f622209b81137ffbffeb604858408e33f50931df6bd66e7bf16c38bff1b4aebbf5190ebcafcd7a03f4a5a7442247cf3bf637852f80b93c3bf31cabfb23dc6f1bf916981f73c4dcebf7bcfd9e0ef53dbbfbe6cd6b3f2b6d4bf5f4580812368dcbf10a8c282148accbf87731027f79901c00fc06c7cb8a176bf0c696df857a8e7bf1cda0c6358b3ebbfbb78a1016940d13f99d640cdc5f4dfbf4c5dc9fe6f0ee03f584dbf71b560d0bf325d5f23d561df3fc09417d40c69bd3fe8726752d80ddb3f1f5c5f66c15ebbbf9534000000000000008c0c636f76617269616e6365735f94681a2981947d9428681d682068214b084b0d8694682368246825682a682d88682e4b10756202ffff967ee71fc931b93f46b7d619f335b63fb66e894d58dcc73fdb8701c83762cd3fdb28befbe067e23fd3147cf50dd6d33fffa9715330e1e63f9065c4f7d64ce93fbd8f315fec15dd3f0b49caa713c8e43f237ea79f5fa2d73f936ecdf6fb07e33fc392b8659645df3fa3fe4dd77026ce3f9b540b919d30c23f7b7b21dda61ec63f9b13dc2a8a44ce3fb92dcd594c2ce03f5aba6322ab6dc43f8304144dc167e13f6745a4e5d7f6cf3fe6fd3b1401c8bb3f37cceaebe770d73f5becca790114b63f0f2906bbb381ce3f1704e3dc97fccb3fb6cfe0209bdbb03f5607cc197ab6b73f030ff433efd8c13f3fb438fa7937e83f03d2af0fd447cf3fca8e38abd82fe73fe79c01814dfee23f41caee7b2961e93faed83934be30e23fcf71c667708df13feda5a76790ece03f2f4e9957fda9e43f27a7e1dfdb48f63f2304cacc4840c23f8b6cc0890514c33f5b1e70f13e01ce3fa52e0817209bd23fb9558f03734ddb3f155313b6338fdf3fd1efe278cefcdf3fb923c0f26e71e43f9d6279dbcc85dd3f75515bddab07e83f3138a2deee5cd33f23f75b38a3d0da3f6de9a7499c6fdf3f1bea1037a01dca3fb618422c1da0bb3f0cca87793bd2e03fe3a518b0df6fd33f7361844510c0f23fed282c36ad49d33f97f830d557c8ea3fc34c0c536db4e83fe55edc7b2c02df3f2764b48f3907ed3f913581002df3d83f89898f304fffd03f26352d54f210e53f6b8a4b092186c43f3e8e05147e4eb43fbfe30e993f52d03f950a70f68258d03fc74c886c321ae73f5d28370e73b6d43fb589f9ee2006db3fa1f449d6e597ec3ff3d66b180105e73fef8229a972d6e83f0bbc8d0bc53be23f3eb4d892efdfd93faa48717a21abda3f8bb327bd562bdf3f6fb65e90c204e03fbb7aa415a94feb3f01d343dac3f4e93f998c76e558dbe13fad950b1c6830dc3f21780e0297dee13f518f1a636feada3fd188bbd1f24cd93f1d4716f81a59db3fd5c5db99273cdd3fb51c01d7e63aca3f446874468fddd63f5537570f0260de3f0d1d736936ded63f7bbaf74fc525d93f458d3a972c06d13f0b91faa29710c53fbd37686252fbc13fd5cdf106d9daca3faf46ced512c2d83f6c58d90ce891d03f30ddd9040aa7c83fe279c28df0f9c13f8e285ef7d9f5b23fdcd19fc09d16c23f953c000000000000008c14707265636973696f6e735f63686f6c65736b795f94681a2981947d9428681d682068214b084b0d8694682368246825682a682d88682e4b1075620affffffffffffffffffff5bed29ec4180094033b30d5df0280b40514eb5e36f87024053390d8b77b200402bb6450fcc18f53f4cbef7d258bdfc3fc68f89a111ecf23f9c138c2986fef13fe6edf778e6bbf73ff9fc4eacb7daf33ffd6e1c334b54fa3f291e9c6650bff43f6dd2410eace3f63f9402237bc87b004087e01508c038054005eddee2923e0340d3b3925094730040a32a07068c81f63f566ae39076060440ab2da8fcd9b1f53f8a2779844a02004019909185e6480840272a589e0470fa3fe49eae3ac93d0b401a72d4250e63004081c0b760d91b0140c2a11005d92c0f40e5e00da91f490a405c108caea16c0540bb5082ab7164f23fe09c3687d52e0040366a81e4ddcbf23fc3291a6599c4f43f367e4d6950f7f13f9d004dfeac38f53fd7512aeb538dee3f164fc8a74100f63f01eaf8af26e9f33fa90b1e02681deb3f35142d05a22f0540b7dcadc7c3b804404cff51cefc85004087607e6faeacfd3f0fe077052b7ff83fe7fbaa5deac8f63fa06d4e86bfa1f63f9eb6956c9e04f43f0df33b28c38ef73ff8564416b476f23f9d3fa324b116fd3ffe951c02ecb7f83f495894615ad4f63fe3bd9f5506b601406ca67bb6685a084082ce25467311f63f7ef630698108fd3f27c65b35658fed3f34ba48d33225fd3f922d51e2387df13fde047d36b335f23f5856352c80fcf63f1928609e8eccf03f12e07b062da0f93f65c6abbe090cff3f07d154fe42b8f33f3dcdaf2084fa03406cf7f6da9e670c40c44ea649f8aeff3f68109cc7e5a8ff3f44893574aad4f23fb59d1168fc1ffc3f0e8efe1f699ff83fcc6b600c23edf03f468a2f8253ddf23f93829a4d3629f23f54a1fb4f4132f53f6aa9ee59de29f93f6e4dfebc47c9f83f9dc9dc564dedf63f67a1ee7e419df63f683f7d26af51f13f3bb5a6a7f1c3f13fd2ef5b152f6bf53f361f0cf9c31bf83fc32f83803d69f53f976712a710acf83f3ea8b8d98d72f93f5bf7830af279f83fb678cc935cacf73fbe54095121ac0140a28d26d2abc4fa3f809f37288b39f73f6a0536ff49c4fa3fd6fdc6b75886f93f91a7b19ec605ff3fae6d83716db80340b67a82921b58054093f2af4d3177014060399ecd89b9f93f18611421e171ff3fc5fc7e58a43a024039bee29ded5805401de9ad7c59650d40a0e06bf2fa4705409533000000000000008c0b707265636973696f6e735f94681a2981947d9428681d682068214b084b0d8694682368246825682a682d88682e4b10756203ffffff82a0ea10695224408235fdfc490d2740dcf7883336751540ff816dbdb56c1140d4546f163ed1fb3f3e2964d3bbcf0940324ba6b3c260f63f70c15500ae3cf43f5c2406a26a9a01400b7e8f0e22a3f83f89418b3ed8a90540621fac9138e7fa3f79e04168605f00408f497b9a4efb104097c8725ec1251c408e2b749291251740af788a8a6bea10404f523ef759a8ff3fa1d293062b101940bb65c929956afd3f077bee5c95041040680930dcff6d22404c58a4a18fd705407ccf27dfba302740c58bc98a81c81040fd36b6665e4b1240d7f35d54235f2e40ce2f498b7a97254001de45f709b01c4055a0ec517624f53f4b585825345e104017c8aedcd814f63f7a09ad30eff4fa3f87040ca4792cf43fe2a7ccdd8e25fc3f10d153856d2bed3f9743748eb440fe3fcfe8115901c7f83fe6976889baf9e63fb466dd1b970d1c4088e37e133fd61a40487f24a75b101140857bfa00a0840b404c0ee9e5b9c00240a16e12b92f39004067995dec98010040d436cd648d0bf93ffd738172b5570140d1284dda854ef53f3ce1ce2931710a4016a74f1d03180340022db8747d490040a4e71146e49a13405e9712809c882240cf891b091070fe3fb4b068d16c570a408e5483026a4eeb3f6323cd5c978b0a40f8f186eaec1df33f1b9bb97587b9f43fb10083a1f88200407b257e7654a3f13f1bbfa11c68850440e9c8be68571f0e403f91fb21e94df83fd618e2324cf21840f75ee688a5362940709f59c2bd5e0f403d3ce0a5b8520f404ce897318a29f63f865eefae19b80840cf2005ce37f2024041465cb700e8f13f3a338b79f13df63ff3aaa155249df43f9907334b8914fc3f145d5434a2c90340d68154a9dd3203409526c1192a6d00403d6277b37df6ff3f2f35ad3635bff23ffa91da24c1b9f33fc790599e29acfc3f1c9ef60cbe290240237f7ba9f5a6fc3fb74ba82db6050340049754b9973c044017385cc5bbb802401a98b67865830140937cc79802851340ce91e7f14f6406400661ec831fdb0040e83ad949ac630640120620a71e5c0440179b5ade31130e401c91b7c5514e18401aa111902d791c40006a11b3c0101340e11cf2141bae04405df5407439e60e40796937b5c8c41440f5cc04025e7b1c40c17fd82ff3002b401291e28e364e1c40956e000000000000008c076e5f697465725f944b128c0c6c6f7765725f626f756e645f948c166e756d70792e5f636f72652e6d756c74696172726179948c067363616c6172949394682a4308d957c49809642bc094869452948c105f736b6c6561726e5f76657273696f6e948c05312e362e319475622e, 12, 0x800495ad010000000000008c1b736b6c6561726e2e70726570726f63657373696e672e5f64617461948c0e5374616e646172645363616c65729493942981947d94288c09776974685f6d65616e94888c08776974685f73746494888c04636f707994888c0e6e5f66656174757265735f696e5f944b0d8c0f6e5f73616d706c65735f7365656e5f948c166e756d70792e5f636f72652e6d756c74696172726179948c067363616c61729493948c056e756d7079948c0564747970659493948c02693894898887945294284b038c013c944e4e4e4affffffff4affffffff4b007494624308a34801000000000094869452948c056d65616e5f948c136a6f626c69622e6e756d70795f7069636b6c65948c114e756d70794172726179577261707065729493942981947d94288c08737562636c61737394680d8c076e6461727261799493948c057368617065944b0d85948c056f72646572948c0143948c05647479706594680f8c02663894898887945294284b0368134e4e4e4affffffff4affffffff4b007494628c0a616c6c6f775f6d6d617094888c1b6e756d70795f61727261795f616c69676e6d656e745f6279746573944b10756207ffffffffffffffe5a640fa1b457ac092b0851c915862402723642fdca42440aaef47d3d60d3940bb2b1ed385d52040dd2fa909e1841540bc59121786e012406c483d168e98f13f1cf9978a7ac402c03e06bce5b4db02c0b265f5afb4b215c076d241d109c602c08a93d337ef9afdbf952a000000000000008c047661725f94681b2981947d9428681e682068214b0d85946823682468256828682a88682b4b10756204ffffffffb757855662fcd340451bc479ca4db64048a79b518f349c401abea6c836928f40ad0a20e4b20d844067f8463c37df7d406c489dcca4537340d5a36f55ed8f6940466b68d865bf6b40fd2c903bc7c26340cd1d76196ba163404b4f11ba1dc76340bda0f661ed7b6040952c000000000000008c067363616c655f94681b2981947d9428681e682068214b0d85946823682468256828682a88682b4b10756202ffffd14ae790d9e161404dd3e4c90ae452409ffad601543e45401f87e9fdebc83f407be774b300553940179a76f0b1dc3540d98b1831ba9531407dca82fcbc992c400c575d0b4ecc2d40596e761782252940f749a7433f10294089c1f88344282940ec6e457898f72640951e000000000000008c105f736b6c6561726e5f76657273696f6e948c05312e362e319475622e, 11.673193618817947, 7.5),
(70, 1, 0x80049529020000000000008c21736b6c6561726e2e6d6978747572652e5f676175737369616e5f6d697874757265948c0f476175737369616e4d6978747572659493942981947d94288c0c6e5f636f6d706f6e656e7473944b088c03746f6c94473f50624dd2f1a9fc8c097265675f636f76617294473eb0c6f7a0b5ed8d8c086d61785f69746572944b648c066e5f696e6974944b038c0b696e69745f706172616d73948c066b6d65616e73948c0c72616e646f6d5f7374617465944b2a8c0a7761726d5f737461727494898c07766572626f7365944b008c10766572626f73655f696e74657276616c944b0a8c0f636f76617269616e63655f74797065948c0464696167948c0c776569676874735f696e6974944e8c0a6d65616e735f696e6974944e8c0f707265636973696f6e735f696e6974944e8c0e6e5f66656174757265735f696e5f944b0d8c0a636f6e7665726765645f94888c08776569676874735f948c136a6f626c69622e6e756d70795f7069636b6c65948c114e756d70794172726179577261707065729493942981947d94288c08737562636c617373948c056e756d7079948c076e6461727261799493948c057368617065944b0885948c056f72646572948c0143948c05647479706594681e8c0564747970659493948c02663894898887945294284b038c013c944e4e4e4affffffff4affffffff4b007494628c0a616c6c6f775f6d6d617094888c1b6e756d70795f61727261795f616c69676e6d656e745f6279746573944b1075620bffffffffffffffffffffff10ce2b89c0aacb3fbc059e9d82fbb63f896d5cda50c3ba3fbc4ebbef031ec93fd22e6ecf2eccbf3f474d988df921a93f5037fcfe9000bd3f5fc60001e751bb3f952e000000000000008c066d65616e735f94681a2981947d9428681d682068214b084b0d8694682368246825682a682d88682e4b10756208ffffffffffffffff845ac10a711dfb3f9c340bf3f9a7fdbfbccc23d9e0cce5bf62b37797bbe2e0bfc3e1742e77f3f0bfb3f29a7050f8d9bf0aa371eae1daecbf51e9deda5be9edbf2152d3f2fddbe5bfa1c437e517ebf2bf9577d6b1e9dae0bf0074089d9519e3bf6dc03ea7250becbf7008969858c0f43fd6e3171b6c47f4bf2d540e0246f8ddbfe2707b21ece1ffbfe9f414c73c23e4bf88892b9cf1309f3f4cada8bf4959edbf1932a8e32684c1bfdaaba5a15557f1bf0d5e1478dff3f23f3a9574ede10c843fd6efebd9bb0fddbf3ec7fc896996f5bf4123bf3ce43bfe3f44a034daf23ff4bf3345f325cc2ff2bf334b48ffa55afebf4b28d72f1228f5bf6cdc07d6aa0dd9bfd8ee865f40bcecbfc49e016f4f2bdebf86387882f1f5e9bff02267f6b133d33f508caf663a26c6bfb617e6db7298b3bf92925f67bc2ff9bf67c844a5bbedd23f81bcc3c16495f5bff8ae47b12c20db3fc486cc579ef7b03f23e73c4b16d3b6bf24140cc9047dedbfb2f9a60d03c0e4bff0b67ac3409ec7bf5b1afd42bbddfabf68a02da2cbecdfbf075491a2a1b6debfe8be725d1eb7d5bfd1024a93f20ef0bfb1a702fedeede93f15e016d874460cc092d78fe98bc5a03f043820aa2f1fe7bf0fb6cc5b39a9f4bf9abdc5a87931cf3f5f176d3566c5f7bfb99e8a624839a4bf7ab21ec4f71d95bf0e358bccbb0ab13f1037752ecdcccf3f06615256b6f7a5bf3dd93990cbd4c1bffba16cbbebc301c0996b590b817e06c0f667da5cd814bdbf0dc60aa97169e6bfa47466024f06dbbf55c87f78ffa385bfb10bcaecf787dfbffa02a03d5f9ec23f25004503560999bff6642a586955d83f73c49cc3659fca3fb07d423ced39db3f75c1be15848aabbf915507740370e93f6873992f5b9ee9bf8230482c9239d73f17c6484d0347fbbfc4469c3ce4b5f6bf970dee383096e4bf48d24d7a5197d43fe4f7ad5ec6f3b73fe3fdda35090100c0e0823a5d2071a33f473e353a0a9cdfbf888d03c9c345d83fa89971576cc2f0bf8873e00eb846fa3fc2135292260ff9bf8fd5decf7d90e4bf5ab086a2b432eebfdb642ed5f6a1d4bfd829dc08c6f1f1bf2b0e0ab58642f7bf2c19d91aa71cebbff7f021b78fded6bf54f321f759f6e13f76ca144c7a6fedbf6feeaf193f30babf28fa99093614f1bf9534000000000000008c0c636f76617269616e6365735f94681a2981947d9428681d682068214b084b0d8694682368246825682a682d88682e4b10756202ffff76e4d513f443bf3f1b0e560ba7bece3fa99803da21fbc43f8df0f45b00d0e03f0b6b6f81aca0ce3f6790300b6eded93fd76b75465810d03f431bb770513bd33fb53d829eaf9dcf3f13646b5ab48be53f10ffe4ab3ce5e03f2a0277b6c681d83f4db5d6431b4bd13f6b1ddedc04c8c23f662ac383f581b63fe80b0ab4b31da83f2b3632e44435c63f8f52e20a7a57dc3f719b08686b13d43f4b243a86e7cad13ffca7c374816aea3fe3448206086fe03fe155542eacd5db3fbff993ac343ccb3fb949b5f15c0dde3f279b71eea6ede73f2c62e383a868a03f181153a9f29b983f4c5c576f2ac8ab3f2bef861932dec73fa3aa6a027aa7c23f0026c747adcdb33fbf6acfd0a249d03f9f7a3adf6125d53fa35fb25e7dbcc23ffbb543ddf998d93f08fe38f0ea30bf3fe1180e98e6e2d03fdbed3b8654d3c73fb5ec588189d6e43f09a139f417e7db3fdd10422abe18de3f5b0784c7e257e53fc0833035a9fae33fcc0c70be3ca2e93fad3a67307bcce63faf8a790a3a16e93f579e0fca03a8e33fc98970512e02ec3ff391a9c39c3bd63f2137bf0cddaad23f595089722a28df3f995e0297d8fafe3fa30346efebaaf93fb40f488e788ee43fd44a23f73cbfe33fadd05e8b5cc8e03fadbf4794e462e63fa338e01cc8b9ea3fdac9d949395fdf3f13ae64eac217e33f2024d8e77854e83f33a6c4891fb7e23f0c3451b147d6e03f36e53f757d7fd03f5fcbf84c2b057b3fbe26f6fb58b9633fbf7380b079b87b3f9f1dd77ef8387e3f5f7ea62b4b487a3f1026abd9f50e813fdf37905a42797b3ff148afe2aafe8a3f3c1c5f7f93cf903fe89911df9195933fc4a9ee07dff9973ff407e7733ed2a63fffc94bc21530923fff3d4368bccbc73fbc1de368def0a23ff550cb6bb8aad83feb3ab2f1eb67c73fdfbba1a0b39ce23f8c1a429f8451d93f04a0d7e73caad73fb575250c3b9aea3f8d90fde88b87d33fb6152cf44081e23fa99eb418bae6f53fafffd5f81fbfe23f6b3fdd951a4cef3f4b4292ba0028c33f6c018da9f9f2a13fc302ca83bf09c43fbb31330d6dc2d43fcf097c707c7ed63fcdc7c7f741c9d43f1b531d07a3bece3fa2ff44c04785e43f116113e1fec8c23f8d88d386bd19db3fe16017f334c6d23fab4dd3e0cfdad73fa139ee17af76d83f953c000000000000008c14707265636973696f6e735f63686f6c65736b795f94681a2981947d9428681d682068214b084b0d8694682368246825682a682d88682e4b1075620affffffffffffffffffffd74d5c2c45e406401c2010c9c7520040a05ca7b980c2034020bdbd0cea12f63f833cdef3c25a004038d08ed9992af93f56edc134b4efff3f5b0e61141230fd3fef245f4dcd18004024be4cb3c47ff33ffd6a026a0605f63fdc8272d132dbf93f23f0d95bb4c7fe3fb8d95d2087e20440865dce2eedfa0a406fef772c436e12409275c6b5c3340340486c353b200bf83fc5e6649c4a91fc3f6948a5786058fe3fe4eb81ae2d9cf13fedb9392eab53f63f1fcfef5def42f83f1248f296dd570140556e4a956459f73f9131cd3bbb80f23fd28bb6b90058164056b99d6b6fcd1940c88a376af62b1140def0bdf7b7860240293a96bcb6f404402b4ed5686cc30c40b4399d9a57b7ff3f91cfc9f1d4d5fb3fe95df11df3e80440ec807029a74cf93ff6a4805940eb064010d74c741c26ff3ffed080eff08a0240faa9e1ecd2d3f33f4004d24a5b3bf83ff0d5fa1dfa54f73fb85db5116297f33fe4fd3579c73ff43f860e25d473e0f13f6f16348fa7f4f23fb428daa71112f23f0b82f8d92c6af43f41aac366241af13fa73031ae7a25fb3f822f3a7e29a0fd3ffcdd8a2c78eef63f306a50f237ffe63f5b9b6488cd43e93f505ffdf975f6f33fa6f51336285ef43f9f1218b3ef17f63ff871e5752721f33f35fb56effb81f13f79ba4af64fdaf63f045df026bcb6f43f37ff91b27859f23f858d5b5ef2ebf43fa5097d08cc0ef63f3d3958326983ff3f2a3f400ad99f284041edbe95326134401e4946e6b24f2840883ab42586482740e6fee237b7f7284039db8e0c08ea25404c4868299b6b28401800aa01976b2140251c1691fe371f401332cfd282ec1c406da79f1d14241a409e2464b842f21240112283af81031e40a180512be68d0240d5a02b82f5cb14407718ad54b4c5f93f18ced5464cb50240efc9f4bac6faf43faa2a3bdd4170f93fd2e734ddea4ffa3fb34a3db95a8cf13f712ecf64e3f6fc3f8be1e528500af53febe1538ee359eb3f92a0dcd67ae7f43f8c1d3d84ba2df03f07adbc59f2ad044006e88f6f115d1540ea1bd68a263804407af43154de17fc3fe504d64b02fdfa3f76038d164013fc3f806e05dac852004012e671e5edfaf33f19446023fce104407cb32dbc7e96f83fadd3d2b78e8afd3f2beee42d1335fa3f1f3e04ca0ee1f93f9533000000000000008c0b707265636973696f6e735f94681a2981947d9428681d682068214b084b0d8694682368246825682a682d88682e4b10756203ffffffe8954c773b602040d1c8abdb3ba7104062398f2e2e671840ba2706ff1974fe3f81653bc288b7104067eaad1ac9ca03407c9e02b670df0f402a4437fb689f0a4069b7f00cc131104091d6e6756fc3f73ffb798b37d34dfe3fb86f26e75ce404403893677b509b0d40042eb2fed8421b4004aee80c71bf2640be50cb000f3b35400ec82ed1fe0d1740ff4d1937b410024093dc873ed68009407a4af0f5a8c60c40c667218ed561f33fccc24546cc27ff3f27b8490ff36402406b43896699cc12406a94554f7a0901405b89d902b165f53fefe0b006e6333f406d3a3df524ce444060f6036de46d32408b4d243f8c7315405d8216a567721b406b35222aa7da2940b3d9782e546f0f40b56760386c36084025e0ad639f531b4091d82dce7c00044046dbb4f4396a20405b64028504520e406a6331a5547d15406c4b9c480992f83f095fe30977590240f8ecd83309030140df16763721fdf73f9f5e98eb70a0f93f055149d142f9f33f87a99fff1575f63f01027821bc68f43f471cb3b3300cfa3fb8960011b847f23fc6277ceb6a0707405e89edd36c6d0b4030d1985ad66e0040be433671e086e03fd775f0ce80f2e33fecd8e6a02ce8f83fc05f12a08eedf93faf16acfbf681fe3f4693286b02dff63fa9238b5a5728f33f0c4aea54ff5100403d587362fdd0fa3fca9419e4430bf53fa80bd059755bfb3fd08d90c6be68fe3fedf33078b7080f403d50f609e4f2624082e954ec4cf57940fd90a2d8527862401d1b0f34e5f060402e465c6c107b63409b5e6a4cb4035e402dafb196d2a262405db1d05c74f7524059b41634df744e4004dea6fcb8244a406dbc725dc95a45403e6141426a6f36404a5b748b93264c40c2fb215730841540c14bebb90d083b40f342993cafc1044036578feef1df15402fb65a5f4b82fb3f8ea140b7f03804400df7d53da5a20540aa5b4eff0f3ff33f2962e8be7e370a40ca28201119abfb3f946d4780ac60e73ff3cbd207c84ffb3fb05920baf75bf03f321d83f740ba1a4015aa9d1f6b863c40baf83f69258d1940b824f9e0d6a90840501a8b27f4c20640c7e711bcbba10840cfea9e083ea71040e9d3015954f3f83f60f8582b6e411b40e7a75ee081e402409a1d9c9e7a450b401c882732977605407952a6f3d5ed0440956e000000000000008c076e5f697465725f944b188c0c6c6f7765725f626f756e645f948c166e756d70792e5f636f72652e6d756c74696172726179948c067363616c6172949394682a43083e466832ebab28c094869452948c105f736b6c6561726e5f76657273696f6e948c05312e362e319475622e, 13, 0x800495ad010000000000008c1b736b6c6561726e2e70726570726f63657373696e672e5f64617461948c0e5374616e646172645363616c65729493942981947d94288c09776974685f6d65616e94888c08776974685f73746494888c04636f707994888c0e6e5f66656174757265735f696e5f944b0d8c0f6e5f73616d706c65735f7365656e5f948c166e756d70792e5f636f72652e6d756c74696172726179948c067363616c61729493948c056e756d7079948c0564747970659493948c02693894898887945294284b038c013c944e4e4e4affffffff4affffffff4b007494624308a34801000000000094869452948c056d65616e5f948c136a6f626c69622e6e756d70795f7069636b6c65948c114e756d70794172726179577261707065729493942981947d94288c08737562636c61737394680d8c076e6461727261799493948c057368617065944b0d85948c056f72646572948c0143948c05647479706594680f8c02663894898887945294284b0368134e4e4e4affffffff4affffffff4b007494628c0a616c6c6f775f6d6d617094888c1b6e756d70795f61727261795f616c69676e6d656e745f6279746573944b10756207ffffffffffffffe5a640fa1b457ac092b0851c915862402723642fdca42440aaef47d3d60d3940bb2b1ed385d52040dd2fa909e1841540bc59121786e012406c483d168e98f13f1cf9978a7ac402c03e06bce5b4db02c0b265f5afb4b215c076d241d109c602c08a93d337ef9afdbf952a000000000000008c047661725f94681b2981947d9428681e682068214b0d85946823682468256828682a88682b4b10756204ffffffffb757855662fcd340451bc479ca4db64048a79b518f349c401abea6c836928f40ad0a20e4b20d844067f8463c37df7d406c489dcca4537340d5a36f55ed8f6940466b68d865bf6b40fd2c903bc7c26340cd1d76196ba163404b4f11ba1dc76340bda0f661ed7b6040952c000000000000008c067363616c655f94681b2981947d9428681e682068214b0d85946823682468256828682a88682b4b10756202ffffd14ae790d9e161404dd3e4c90ae452409ffad601543e45401f87e9fdebc83f407be774b300553940179a76f0b1dc3540d98b1831ba9531407dca82fcbc992c400c575d0b4ecc2d40596e761782252940f749a7433f10294089c1f88344282940ec6e457898f72640951e000000000000008c105f736b6c6561726e5f76657273696f6e948c05312e362e319475622e, 12.949189617743455, 8.74);
INSERT INTO `accounts_voicedata` (`id`, `is_trained`, `gmm_model`, `user_id`, `scaler_model`, `threshold`, `margin`) VALUES
(71, 1, 0x80049529020000000000008c21736b6c6561726e2e6d6978747572652e5f676175737369616e5f6d697874757265948c0f476175737369616e4d6978747572659493942981947d94288c0c6e5f636f6d706f6e656e7473944b088c03746f6c94473f50624dd2f1a9fc8c097265675f636f76617294473eb0c6f7a0b5ed8d8c086d61785f69746572944b648c066e5f696e6974944b038c0b696e69745f706172616d73948c066b6d65616e73948c0c72616e646f6d5f7374617465944b2a8c0a7761726d5f737461727494898c07766572626f7365944b008c10766572626f73655f696e74657276616c944b0a8c0f636f76617269616e63655f74797065948c0464696167948c0c776569676874735f696e6974944e8c0a6d65616e735f696e6974944e8c0f707265636973696f6e735f696e6974944e8c0e6e5f66656174757265735f696e5f944b0d8c0a636f6e7665726765645f94888c08776569676874735f948c136a6f626c69622e6e756d70795f7069636b6c65948c114e756d70794172726179577261707065729493942981947d94288c08737562636c617373948c056e756d7079948c076e6461727261799493948c057368617065944b0885948c056f72646572948c0143948c05647479706594681e8c0564747970659493948c02663894898887945294284b038c013c944e4e4e4affffffff4affffffff4b007494628c0a616c6c6f775f6d6d617094888c1b6e756d70795f61727261795f616c69676e6d656e745f6279746573944b1075620bffffffffffffffffffffff727d660129cbc33ff0f84acab173b93fb61f30aee7ccc13fd95dc38b5b0bbf3fc8d09f5a6147a73ff197f4c272b8c33f94ee0e5fa6d7c73f79796d59ee8cb93f952e000000000000008c066d65616e735f94681a2981947d9428681d682068214b084b0d8694682368246825682a682d88682e4b10756208ffffffffffffffff08e8c05a3f27a23f639a409f4fd4e1bf16141119af00dabf360f03486144f0bfd8fee575a8c5f3bfc1e6ad4f711cdabf092c231b23caf3bf5d88e8c9dd3af5bf5bb9cf6ef326f0bf4fab72b0def7cabf8d0ccfae6ddaddbfb9be511c609be5bf29d91bbe4485ecbf5e14b4720e37ed3ffd7fc9a5d93dfabfba7ea425d781c1bfd66eddc7be48f23f49008e25784ffebfe5f372ce3ce2eebfe25ac70e4e12e2bffc363005c42bffbfaee929ccc03d01c0e2a6235d61ebe4bf30bbae84c423f4bf88d960f647dad9bf0c71e1457ecbfdbf3b90d9019336f93ff965962618a5e4bfa60aa75e9ad602c0b4f4b2888addf1bf5d985dac916efebffe144088634bdebf3d0c2be9126efabf238093c3c223fcbf98b2efc9d953e23f2184f1e236849f3f2c3e03b535ecd1bf7d930cda9e97f3bfe766fdffb94dccbf1964548eb39af43f00c21dd0b876e9bfb899a37f0326fbbf213fcc57b37bb5bfcbf89bdcf51efabfe4f32ef6eee0f0bf1a2b21cc1b5cfebfc281d90745f400c0ff6845a8b86cc63fd8e91f30a26dddbf6cb9e5145a86f2bfc50699c48eb9b83fb2132c5ce8e9adbfd5a511346d20e73f26f8d529654206c0122b245c124de13fa6c838435fd4bd3fbf9270813d09efbf29436d555904c43f4ca605398811f8bf94993d7e0c6ecc3ffaf553711e6402c0add8cf5f408de2bf6003ca069365f1bf3492a8058515d7bfd61227db540600c0924d2c69ba29f13fb5ec8e16a92802c0bb5dea7ddb3de2bf7de98f3a88caf0bfa2cf7e56c3b2f5bf510f64c6a219c4bfac89d8e5cdcd04c0f38517817e4ab33ffbcfca7648ecf5bf7b6ecad2d3dfd03f11ea75a075a9f5bfa4820c33ae44d73fc78548d03cdde5bf2e4310d901d0f03fd86c68d53bccdbbfd1b2db13a332ecbfd517f9158544f5bff3f759b5563d01c048320e12e73fe4bf5d8da93ddf33d6bfa83bca960aa102c0e0dee71a7a6df7bf1a3591a063cbc1bfa5724757a68eeabf63be78c1ffd6bcbfe46903c2f9b2f1bfd9ae4520f974f93f5ee4bb2f4b5befbf872a7254aa85f8bf28afd8b312e9fabfde3e27659873f9bf7f302400c59ed5bfb8e152d0eaac01c00ae35f6534c7ecbf3821d367b7ade3bfd101c2023b32ef3fd39b33f97f70e5bf97c7f7ff7e80e4bf68d71d40e0bae2bf9534000000000000008c0c636f76617269616e6365735f94681a2981947d9428681d682068214b084b0d8694682368246825682a682d88682e4b10756202ffffc5aef819bf25d03ff7a036f40852c33fffa151b62ec3e53fb182ff92d179e63f454b2e762bf2e53fe092e66cad55e43fad75629240eceb3f2777052847fae93f9535dc497833f43faadb5fee4e1cf23fddf8eed5ce9aed3f4978fe1ff30de83f296f7fdc2f08f23fa7225ad36d72c03f2b78d24b06c3c73f4a210b2ca20ae53fed433134f7a3d43f1d52bb604620da3fb06d617f70b6e23ff8e3a6e273f6ea3f9bbf415cfd5ee83f0f642b8b5d79eb3fbb87f853d744f23f3b6dd8c6dac7f13f6cb77cdb258ce13fe7590e1160fded3f76ba087ea66bb13fa40a8e4c757ba33f1d4d0255ae73d13f9bb0843f519cca3f1de813bb7e2bd13f9fe1decad27cd03fcd2cdbf9303cd03fcdc3148fde6fdd3fa83a7608b81fdb3fa70e51710e59d83f5950dc02c990e33fed6042d7fd35e03f6c2f123a3414e03f63c78caa392bc43f1e5803b4b141b53f4b75ad0a21fbce3f66f4430fb683cf3f0dbddf14937dd43f45d8e89f8a43d73f5d144ea3f3f8d53f7f346397bb2ee13f069b6fb9a08ce13fb28ec30197deea3f5e3f7c3c179df13f1ab34aba799feb3f96f1435a59cfe43f7ba6c8b42de6df3f2dbc304db0c3dd3f4dee0fa16475ca3f519d271c078be03f2730c8a89b8bd43ff8409da4b83ddd3fd3d2b7f6fe52ec3f995171565c74e63f5dbad500acd1d53f25710c27fef9e73f850772a8b235eb3f51a14c9c3897d73fbba5396a62a5f23f05b0e9275c89db3fef5a54ff345fe63f2781131dacfedb3f55dbc2e0fdb5e23f755d194e19b3d93fee735723948cd73f0f5ae257417ce03f19e4ab407eb3e63fdf649fee3208e13f6882af2e3a65fc3ffd25ab64d6e7e43fb2d566e4a468e73f77935bd53167e63f9352a1431250c23f0c4ae7922a17b63ff81a240b6d41e43f7145a46daf26d63fef96f94e74ceed3fa99140b0e1ced83f56231042b464f03fe769068b9e7eee3f4591fb26c8c8f43f1d9c43769d4cf23ff41355796f3805400f34b49646e9e53fd9056095d20aee3f768f846352a0bc3fee9c8f124d84b93fcb33225f2876c13f9dd56d9a05eed43f8b13928fd053cd3f9e466ae4becdd13fada941016fc5d13f2505cea8a109e13f454f8ad153e7ea3ff9e7e7644a34e03f36c06314384de53fe34b6cf692bdd53fa76788dd051bed3f953c000000000000008c14707265636973696f6e735f63686f6c65736b795f94681a2981947d9428681d682068214b084b0d8694682368246825682a682d88682e4b1075620afffffffffffffffffffff4e3582d83daff3f6c528b81679704403e857823da66f33f265364606317f33f2ca082d90952f33fc3741c374312f43f41eb263bda20f13fd0d78efa0ec2f13f6b72e914987aec3fc9fc0e66e013ee3fed3043857aa2f03f9a54ce144b74f23fc1892dc3a324ee3f7459f2ae5c5106402f54108b4c910240f022cf1638bbf33f8a05506d912cfc3f62909a2fcf0af93f105c923754ecf43fc63f6f2a3e6ef13f961182aa8255f23f2479610a8544f13ffeb7310b70f2ed3fd1f65396fa5aee3f040062074f9bf53f74e7fbbd0d87f03f34c921b5e6aa0e40854711c97781144081f72b91d7a3fe3f24a86792aa8b0140c1dfeb03fde3fe3f6e1fc57ef585ff3f62df6ccc76c4ff3f2256ae038897f73f8bafd3e1c893f83f1d1088d6c8f0f93f19b2b5b34776f43fd9abc874d07af63ff937f68e6292f63fe3c6f3c057270440c0506d4845c30b40472a6e60d14200409d72a9286e1f0040897f44dae946fc3fa6279ce9be89fa3f1e716463894efb3fff1cb9ddbbd5f53f39bcdd63039bf53f003cfbe8f975f13f404e03d6bd7fee3ff4bc5e879738f13f012906443fd7f33fab431b08c5a9f63f7cefa08f3876f73f0ce6e6c68d9801400bceaebfbe40f63f27c4fded3f3dfc3f428da83abaabf73f2afcf302ad01f13f604e8637b519f33fa33e4dbd1267fb3f9052b89ff77bf23f06cfa76af059f13f79878baf835afa3f5f1a137583a4ed3f76470a717664f83f6cd526cfba22f33fc57d10bd2431f83f343f234d94ecf43f97a3e73bc83ff93f87870b7a7760fa3f5fea65f1b44af63fe4d3877213fff23fccbc2c2861eef53f80a87f354d05e83f4b59f6fc9ccbf33f9df59c5e02b5f23f96224634511ff33f54e32f437e260540d5b90b48d63b0b40f8d18453491cf43f2a2706644a32fb3f73f13ddf0a94f03f934aa4f1e4b2f93f84f7f0941d9def3f0a1b992be263f03f997e1c5c9213ec3f969a38ed12eced3f9e383f4ee1a5e33fda62cf47f555f33f7359a4635a83f03f87275b3675ec074061afc4f0e45609404c549eade5a80540e8a1c8d68cfafb3f22d261ac90b600403511d37ff455fe3f34d1d3d60b5dfe3fdedfb21b75edf53ff71c68d12373f13fe3829377fe7bf63ff3a7af2e499cf33f89f05253ba73fb3f78c2fefdd6c6f03f9533000000000000008c0b707265636973696f6e735f94681a2981947d9428681d682068214b084b0d8694682368246825682a682d88682e4b10756203ffffff53d03f4532b50f40bc0b27781b801a40f983203ddb86f73f08a10c35aec7f63f92c791097c54f73f3a821de2bc2df93f56dc3f321356f23f5998b97f91b5f33ffbc20acf5f58e93fdce1fa175145ec3f0f273bff664bf13f4f41de30f648f53fc699b201dd64ec3f25af9e9d5c211f403373abb5138c154095bc05e63355f83fdb8dcd913cce08405ab21c61e7980340068c1041755cfb3f806ae5b13bfdf23f676723002f02f53f8d9a3925c0a2f23fdbbb7bd49706ec3fb656158398cbec3fb6a31600932dfd3f5397e9738f12f13f0230634d01642d402e32b615c3473a404d89f5117b560d40ac7ae6a18d3d1340036cd2bcd2d10d409b12a76dbc0d0f403b2f145d5c890f4068782f13a16401403d5d45d557e002406211b3984d070540104822a41d2bfa3f87acb8f66b95ff3fb0433552cad7ff3f13610f20bc621940872d317f2c162840eecaebcab986104057e5260f1a3f104034c3bf63b6fc08404906c12a27020640cbe4cb97484d07408927934834ccfd3f17aed5b7c62cfd3f9aaa44f5180ef33f931a7fe08111ed3f47f8f7290a89f23fc2efccf6859af83fd8480899f30c00406094fe0fa63301403b1756d1db5913407f3e008e12f3fe3fc126b71ca5eb0840c8fee0467582014035a635d38f13f23fd8f630b237cdf63f4df41fa03b7707404fc58ea5ad5af53f3da5637318d1f23f08161c0416b40540d3abbe097c75eb3fab4e880fed970240acba710ec7e2f63febec4594024a02404a421add1c5dfb3ff0bceafe27ec0340f016edf4e4bd0540ec788f69ce0eff3f79e9ab3dce8df63f0c9a2e969e0ffe3f747e1ab1f407e23f8f5360feb37df83fad217e1a45dff53fdb436d289edaf63f813b010c68f51b401459587d692d27409b69c052e946f93f26e5ef912c1d07401140a5876f2df13fc9f2f6d26da30440b6b4f3ba6c3bef3fdfcc8ae233caf03fefa89c194ca2e83fd6cc2ce5affaeb3f98a828ddae20d83fb2ae5757f45df73f84f96621eb0af13f301fb2c0bbe221403d6127adb1102440629bdecb51521d40166d7a6577760840d37b317944751140e0f0de5111c20c40c538a2bf84cf0c4017446389170dfe3f09a52fb0e807f33ff63b13b1bc98ff3fb74a3e632409f83f85c30ff4ec8c07405cc054105597f13f956e000000000000008c076e5f697465725f944b188c0c6c6f7765725f626f756e645f948c166e756d70792e5f636f72652e6d756c74696172726179948c067363616c6172949394682a430829d4b63188162fc094869452948c105f736b6c6561726e5f76657273696f6e948c05312e362e319475622e, 14, 0x800495ad010000000000008c1b736b6c6561726e2e70726570726f63657373696e672e5f64617461948c0e5374616e646172645363616c65729493942981947d94288c09776974685f6d65616e94888c08776974685f73746494888c04636f707994888c0e6e5f66656174757265735f696e5f944b0d8c0f6e5f73616d706c65735f7365656e5f948c166e756d70792e5f636f72652e6d756c74696172726179948c067363616c61729493948c056e756d7079948c0564747970659493948c02693894898887945294284b038c013c944e4e4e4affffffff4affffffff4b007494624308a34801000000000094869452948c056d65616e5f948c136a6f626c69622e6e756d70795f7069636b6c65948c114e756d70794172726179577261707065729493942981947d94288c08737562636c61737394680d8c076e6461727261799493948c057368617065944b0d85948c056f72646572948c0143948c05647479706594680f8c02663894898887945294284b0368134e4e4e4affffffff4affffffff4b007494628c0a616c6c6f775f6d6d617094888c1b6e756d70795f61727261795f616c69676e6d656e745f6279746573944b10756207ffffffffffffffe5a640fa1b457ac092b0851c915862402723642fdca42440aaef47d3d60d3940bb2b1ed385d52040dd2fa909e1841540bc59121786e012406c483d168e98f13f1cf9978a7ac402c03e06bce5b4db02c0b265f5afb4b215c076d241d109c602c08a93d337ef9afdbf952a000000000000008c047661725f94681b2981947d9428681e682068214b0d85946823682468256828682a88682b4b10756204ffffffffb757855662fcd340451bc479ca4db64048a79b518f349c401abea6c836928f40ad0a20e4b20d844067f8463c37df7d406c489dcca4537340d5a36f55ed8f6940466b68d865bf6b40fd2c903bc7c26340cd1d76196ba163404b4f11ba1dc76340bda0f661ed7b6040952c000000000000008c067363616c655f94681b2981947d9428681e682068214b0d85946823682468256828682a88682b4b10756202ffffd14ae790d9e161404dd3e4c90ae452409ffad601543e45401f87e9fdebc83f407be774b300553940179a76f0b1dc3540d98b1831ba9531407dca82fcbc992c400c575d0b4ecc2d40596e761782252940f749a7433f10294089c1f88344282940ec6e457898f72640951e000000000000008c105f736b6c6561726e5f76657273696f6e948c05312e362e319475622e, 12.510602486878312, 7),
(72, 1, 0x80049529020000000000008c21736b6c6561726e2e6d6978747572652e5f676175737369616e5f6d697874757265948c0f476175737369616e4d6978747572659493942981947d94288c0c6e5f636f6d706f6e656e7473944b088c03746f6c94473f50624dd2f1a9fc8c097265675f636f76617294473eb0c6f7a0b5ed8d8c086d61785f69746572944b648c066e5f696e6974944b038c0b696e69745f706172616d73948c066b6d65616e73948c0c72616e646f6d5f7374617465944b2a8c0a7761726d5f737461727494898c07766572626f7365944b008c10766572626f73655f696e74657276616c944b0a8c0f636f76617269616e63655f74797065948c0464696167948c0c776569676874735f696e6974944e8c0a6d65616e735f696e6974944e8c0f707265636973696f6e735f696e6974944e8c0e6e5f66656174757265735f696e5f944b0d8c0a636f6e7665726765645f94888c08776569676874735f948c136a6f626c69622e6e756d70795f7069636b6c65948c114e756d70794172726179577261707065729493942981947d94288c08737562636c617373948c056e756d7079948c076e6461727261799493948c057368617065944b0885948c056f72646572948c0143948c05647479706594681e8c0564747970659493948c02663894898887945294284b038c013c944e4e4e4affffffff4affffffff4b007494628c0a616c6c6f775f6d6d617094888c1b6e756d70795f61727261795f616c69676e6d656e745f6279746573944b1075620bffffffffffffffffffffffb06200d4919fc23fb6696e18b24db53f213eab21c231be3f6939f3d407fbbf3f862cc6d5cd34c93f5c5b2a0c85a1bc3f78ca62d201f2bb3f85dad8be3d49bc3f952e000000000000008c066d65616e735f94681a2981947d9428681d682068214b084b0d8694682368246825682a682d88682e4b10756208ffffffffffffffffec9cc0edb4c4f23f0c7bb1c69219fcbf16bc0c9e7e16ecbf0ca4f7930bc9cb3f8b789a2db315fabfd80e313a2878dbbf7c25d47194abffbf36a37b590fecf6bf7aac2e6f1a8e05c03139ebc73427f03f4511a2a16c36febf1aac1860d324eabf1bc90193c9fac5bf8359c45d8f12f53f129720dc86ee05c01d744f3a51909ebfacfe6a4557baf43f2556821a98cbf4bfff806d203317f2bfed2405809758fcbf78596929aa78e5bf72c2e13d47ad09c020875e831e6de9bfe6d6623ece9fe6bf430f130fb1d3e0bf5ade99719debfabfdf20fe29d88ffb3f960665adade500c0556b07db5b87ebbf7f9c8fdbd25efdbf94a14e096fc8d3bfbbd00bfffc24fdbfe8270a7804cef7bf93010a691ec3eabf2f5b2f7852a705c04b5b8a6afe3f054007b6d89c0edae4bfdd3ecb22e5e3e43f9eea28c052fcf5bf4fd3915b0395f23fe3c64b49af1a0bc0c806df02f1f6d93f13db70244fcff0bf15b160037c35c13f0b19ba428a4df4bf1d4db904170f02c0d2c4469a4cf9d13f745a5617d10ffabf4a07c2bac80ada3f565d4ad5782ad7bff338525142a7d83f1343f2c453bfd6bf96041764e61e004002d8dbe8854efebfe17862a3fa57f8bfabdbbea82301e9bf5e7a726a4bd203c03b8249aaad3dc8bfac24831013ee02c049728cd23456eabfa9139c5eb66104c090a617b593aefd3f96243c158a5ef5bf79c8124dbb79ac3fb6609c3da102f9bf089e3bc2165cf73f76d9dc8d963601c0733641f871ffebbfb7bfdc7d732be6bf20f2176378b5d13fc4373ae1565f03c0f43e98b21bace5bf996cbee0d2b8febf16e35c386fbafebf08f54155c41df73f0c06808bc678f1bf18f6cb49fc8bc7bf381f6d73f677e1bf39d0d1d31f1aee3f1df6587606c708c0f10f833190f2d83f5bdcafbd645ed5bf0d26d6342cc6ffbfc9f6ed214c49e83f8f17bfe46ec303c02f9fec921f29d8bf7bdfc00e878c00c0bb25e03bc29fdf3fe1d056538bb2f3bf4a4cb87b47a1ac3faeceaeaa7fcdf0bfcf7b8e80b9b2f23ff37a90a0baf5f5bf1af5a8cb2498e7bf232acb1e05a0eabfad38caad25d103c0ed9fbb73a4ffccbfeff432f27e5eeabfcdb5ee2a0aa2f6bfa9ccf138738709c050a2c49b3cbad33f26c3261621b8edbfcb7dbdf88af8c9bf48f86948e23bedbf9534000000000000008c0c636f76617269616e6365735f94681a2981947d9428681d682068214b084b0d8694682368246825682a682d88682e4b10756202ffffc93281ddc363d13f3673e4bf8b2cb33fb92d226fecf7d63f3bedfdee5fe6cb3fbd9e3e711756da3f9d8189bb162ad83fcf02a66301aee93f0754df1d4738e23fe7ce5cfc58f1e43fa35fe466d637e83f1dd011cfb48ade3f126e57cc323ae03fcdc4c354fcd4e23fbba15f9860dbcb3ffb322b2c9f62cf3f1660d17dbba8de3fdf3a4a1f6303e23f2e16188e8fc8f33ffb600e3b8d39ee3f0b5b2a25a507ec3f9af49ff23cc4de3f6d56467bd2e9d33fdfc43e8b9fa2dd3f20af0176df87e73f572bd6184d1bd23ffdeda0181801d63feb3d2a6daa6ac03fb6f2989d62d9b53f3fc5c6900302ce3f3ddf4daf387ed13fb7ee13c7f791ce3fadfc5156a393d23fbbfdd609d8abe73fbdaca4d5e1e5e43f7de950217fa5db3f27f2a3fb42d1ef3ff1b90e1f92a7e63f055985130d49db3f458a99906cb1db3f5562ef4cbf67e23f97d1dd8c65fbe13f06227b7151c1f03f2fc6de99b242e03fb3d503ab286ed23fd15ea3174540e03faf37b7735c56e43ffb3ce96a4005e93f1ddebc374e17de3f734043625132ea3fc5f468bbfbd2d83f61a21bbc3d7fd93f4ddb186f01d4d63fecfe2d978961ac3f2c70c1f14dc0af3fab4b67dcd6c1c53f0129498eea7bdb3f2d9eb9a61db5d63fa4d11325ba58d63f07318eb1150dec3fec5a36da6951e93f0d0c95c163a7d93faf2d5b01e7e6e83fe9f79ae8a9c3df3f9f2f8578156cdb3f6dd5441215f3da3fb60d7b041d78bc3ff66c1d919abcba3fd92e4bdf1e2cd83f6526c413507be63fd35ab6635875db3f3b4936590aa0cc3f3d49ab15051df13f2bdbf15a78fee63f75b49d7b9e6cdd3fa1148dee95c2f43f9d4c31270377ee3ff4a532c8ddeadc3fcd435b3f3c94e33fb14afafea49cdc3fb70bfaa31b99e93f3632b385690ee23f50b36a8b26a1eb3fcd637876100eda3f09729bff29dddc3f57cb9ad72ad8e73fbc010232645fee3f7da2617a748cdc3f1ff675169495e43f9b912b6f1eebe33f637438d77f12e33f61509b998fccd53f531e64a19784c83fac46c60de046a83f8fb1128b1c7ada3fbb5a1b0444edc43fcb572ea19673f43f46775ad6d47dde3fff0d7e25492de83fe733a8bf3fe6e83f7740dc72d62bee3fafd264f05d4ff53f5384d5019bdbf23fc5c64049b5fde13feebec525b403e53f953c000000000000008c14707265636973696f6e735f63686f6c65736b795f94681a2981947d9428681d682068214b084b0d8694682368246825682a682d88682e4b1075620affffffffffffffffffff9d0d92e4d9b1fe3f65dc4d454e3b0d40396c528c4ab5fa3fc3721d00a8220140080716022cf1f83ffa3be060f209fa3f8a2ff0bd5adcf13fa1fa8b324934f53fa60ea9df1dc7f33f7588df924e64f23f90201b754929f73f81ccf34fe677f63ff692193955dbf43fb9ef928d09260140994dc5b1eb27004008e0dd3def1df73f322d28c45353f53f6b6b154824c7ec3f0100de969176f03f60889f947918f13f6454f0929713f73f749a078511affc3f2e28b9a14b83f73f744d086194a8f23f580c3f89b614fe3fb831ee897b49fb3f87acd5f4a25606407e71370f3c620b4035bcc4abc6850040e53262059b9afe3f8ad95b83b15e00405cf3babfa8b2fd3f653f7eb7619af23f2170680a8accf33fc50804b10958f83f2cf2741dbc0bf03f6c2ea56e1204f33f0f55d65f2481f83f4a89680ccb52f83fe11b255ddf18f53f0d9394321058f53fa3ffc1314445ef3f6b99f54f0672f63fb2bdb0b2cbd0fd3fadcb0474b373f63fe5f802d8ec11f43f5f1973e33118f23fba037ac28855f73f0e88104a06aff13f47e5f755c5b0f93fa479317b6859f93f288cde3a45cafa3f14a9871c51fd10409ca1f17004101040038f3f71736703405a72adf16c6af83f9a661fd277dcfa3fbf79f1c2c513fb3f6893d228d116f13f93209bffe5fcf13fc520efb48a45f93fcfd3d7473523f23f531168c511b6f63f4e737e497871f83f110734071ba8f83f938f543454fd0740629a32072dc10840bcab2f34da08fa3fa0fdbbf4c016f33f63f0fea6586df83fef4cef94baea0040484425b50af1ee3f0800527c01e0f23f5876088dd598f73f6feb1dabc217ec3fe75f73e4ed65f03f788ad24e8bcdf73fd50489167a74f43f6eb49fbbfeedf73f0497629ea3e3f13fc556ab10d04cf53fe8f319e21138f13f8ca607048e13f93f599c600031d3f73f426cfc580f89f23f7b0f6c074d6cf03fa625cec0c6f4f73f206e396203f3f33f4ff3e459ac47f43f1b2bba7697b9f43f11ea36eb486afb3f930dcd176e470240314ace779b5e12402a1e47f42ee0f83fd63da1930bc90340db220055d04dec3fefe435bf2c2ef73f985994955168f23f79a856327223f23fedd8aa014f7af03fc538fbca5bbaeb3f2c662233c779ed3feda53625b156f53feeeb1fac78bef33f9533000000000000008c0b707265636973696f6e735f94681a2981947d9428681d682068214b084b0d8694682368246825682a682d88682e4b10756203ffffff9a13ce0455710d400521fcc6ebb32a40a9ff06389c4a064071132311f059124013fc3ca2db700340fdb9eef42c300540bd5308951bf0f33fa1ddc601eb19fc3f12d784ea9472f83f79ba24a22524f53f4bb43bdd8ec3004015f9b6da3b8dff3ffafa80bd1330fb3f866b3eba2e611240c73a1dfe3a501040cbb88be923b30040fe23b3d96d6cfc3f36298fc956e1e93f880e5ad691f0f03fb7bd2ccc2744f23f13ec05e235a40040f5e875701cb609400007696cd74601400662a80b3ec2f53f6e0193a9e3460c4053314436a9440740fb3f8f3f15301f40337cfbe9f26e27409c0114d8eb0f1140bfec1aa1cd440d40d798307493bf104092ba5154b78f0b40fb153d782da1f53f0a65689dfe7ff83fbd92d6be00850240971936d68017f03fc9dc14d0ac99f63f66882fbdbfc3024022cb44c8067d02400b0fc7fe70d1fb3f1dca02370f79fc3fb0c70f0fca8eee3f384fd9f5bd7cff3f7df80391c3c70b4040ac8d2a7281ff3f49640431e42cf93f24e008d69476f43f3a076138d9030140a1c3f9f6678bf33f7ce8c5d504a00440e1b3ff0ead140440b7a3460aaf6d06407cc5d0cf4c0a32401162c6ea182030400cf5890e4f881740112fb85d05a10240aadebca6318c0640142995f069e9064038f79d009d40f23f667007190639f43fff263bdb3ff50340095a715b858ff43f18769e59641e0040e1e188c9c6ab02400d81b0a69bff0240939a9287fefb2140391632b2512623404676b707652e0540957ff6a02ac6f63f3cab659f7aa502408ebde2c3e8e2114094f6f1bc0bebed3f639b51814344f63f711a09ed8c6601406295ea4fa6a9e83f01fd1b2265cef03f22068f84a0b40140a4e640268126fa3fd287dc3a08e501409edfc8696200f43ff6d0f1ee125bfc3febd8b97dea87f23f150167d999a60340f6e30a3f08bd01401b8f1a9ff878f53f3b292f2077dbf03f5e14f7102eef01402ead100093dff83fe8be9af16fb4f93f53d1046d63d8fa3f0320a910bc7c0740ca219699f6e11440948336360d1735407a760b00695603405e8684b1597718408b9fa5cce908e93f55c6c1f3a2ca00401752c6b65f2df53f23440e780f90f43fbd3fb5f944f8f03fbde7a632b806e83fa211f97b8826eb3fb5c6a8b96675fc3f93e3510e3a5df83f956e000000000000008c076e5f697465725f944b088c0c6c6f7765725f626f756e645f948c166e756d70792e5f636f72652e6d756c74696172726179948c067363616c6172949394682a430822e60624abd52dc094869452948c105f736b6c6561726e5f76657273696f6e948c05312e362e319475622e, 15, 0x800495ad010000000000008c1b736b6c6561726e2e70726570726f63657373696e672e5f64617461948c0e5374616e646172645363616c65729493942981947d94288c09776974685f6d65616e94888c08776974685f73746494888c04636f707994888c0e6e5f66656174757265735f696e5f944b0d8c0f6e5f73616d706c65735f7365656e5f948c166e756d70792e5f636f72652e6d756c74696172726179948c067363616c61729493948c056e756d7079948c0564747970659493948c02693894898887945294284b038c013c944e4e4e4affffffff4affffffff4b007494624308a34801000000000094869452948c056d65616e5f948c136a6f626c69622e6e756d70795f7069636b6c65948c114e756d70794172726179577261707065729493942981947d94288c08737562636c61737394680d8c076e6461727261799493948c057368617065944b0d85948c056f72646572948c0143948c05647479706594680f8c02663894898887945294284b0368134e4e4e4affffffff4affffffff4b007494628c0a616c6c6f775f6d6d617094888c1b6e756d70795f61727261795f616c69676e6d656e745f6279746573944b10756207ffffffffffffffe5a640fa1b457ac092b0851c915862402723642fdca42440aaef47d3d60d3940bb2b1ed385d52040dd2fa909e1841540bc59121786e012406c483d168e98f13f1cf9978a7ac402c03e06bce5b4db02c0b265f5afb4b215c076d241d109c602c08a93d337ef9afdbf952a000000000000008c047661725f94681b2981947d9428681e682068214b0d85946823682468256828682a88682b4b10756204ffffffffb757855662fcd340451bc479ca4db64048a79b518f349c401abea6c836928f40ad0a20e4b20d844067f8463c37df7d406c489dcca4537340d5a36f55ed8f6940466b68d865bf6b40fd2c903bc7c26340cd1d76196ba163404b4f11ba1dc76340bda0f661ed7b6040952c000000000000008c067363616c655f94681b2981947d9428681e682068214b0d85946823682468256828682a88682b4b10756202ffffd14ae790d9e161404dd3e4c90ae452409ffad601543e45401f87e9fdebc83f407be774b300553940179a76f0b1dc3540d98b1831ba9531407dca82fcbc992c400c575d0b4ecc2d40596e761782252940f749a7433f10294089c1f88344282940ec6e457898f72640951e000000000000008c105f736b6c6561726e5f76657273696f6e948c05312e362e319475622e, 17.52017835806954, 10.96),
(73, 1, 0x80049529020000000000008c21736b6c6561726e2e6d6978747572652e5f676175737369616e5f6d697874757265948c0f476175737369616e4d6978747572659493942981947d94288c0c6e5f636f6d706f6e656e7473944b088c03746f6c94473f50624dd2f1a9fc8c097265675f636f76617294473eb0c6f7a0b5ed8d8c086d61785f69746572944b648c066e5f696e6974944b038c0b696e69745f706172616d73948c066b6d65616e73948c0c72616e646f6d5f7374617465944b2a8c0a7761726d5f737461727494898c07766572626f7365944b008c10766572626f73655f696e74657276616c944b0a8c0f636f76617269616e63655f74797065948c0464696167948c0c776569676874735f696e6974944e8c0a6d65616e735f696e6974944e8c0f707265636973696f6e735f696e6974944e8c0e6e5f66656174757265735f696e5f944b0d8c0a636f6e7665726765645f94888c08776569676874735f948c136a6f626c69622e6e756d70795f7069636b6c65948c114e756d70794172726179577261707065729493942981947d94288c08737562636c617373948c056e756d7079948c076e6461727261799493948c057368617065944b0885948c056f72646572948c0143948c05647479706594681e8c0564747970659493948c02663894898887945294284b038c013c944e4e4e4affffffff4affffffff4b007494628c0a616c6c6f775f6d6d617094888c1b6e756d70795f61727261795f616c69676e6d656e745f6279746573944b1075620bffffffffffffffffffffff3aee60139dc4bd3fe6cd50d24e18ba3f4426f6b9afc4b53fd48a6b5e0f69cc3fcac4fa4abf3dc23f9a7c30886dffb33f539db3bc49a1b73f3bb253e407b8c43f952e000000000000008c066d65616e735f94681a2981947d9428681d682068214b084b0d8694682368246825682a682d88682e4b10756208ffffffffffffffff13a4fc18e166e43f4f9d169a486ef1bf843671b6dc28a93f7a3ea87f5634fbbf584f76033ad9f3bff1d6f1775baae43f77c08061571ef1bfcd0dc0daff44dfbf07f5465ddacff9bfbfb9422a4a5ecfbf158eeeb72f0fe73fbc61a8bdaddbe4bf955d816ab90ff5bf762150aeb88cd8bfa8425b648d54f8bf5d530fafba94f23f4e8f08d630aee63fbcec0b23e027c03f30c4b6948521cf3f60cc6aad1ef2f4bf36fa3bcb54d3cabfa04d5aa7710dfabfe0f5d223e9d9f1bfa7cd0fbc5436b6bfbfed7b9e6836f5bff5a005ed95ccf6bf2103e3088f91f6bf7d74ab0b3de001c0465c0ea10b4ad03ff3fb56ac23b4e1bf1d60fa779820abbf261667963214d53f3bffbf7f54a7e4bff7955a0e1e5fe03f637348344b5f843f7e4a50e5151dd43f661aa591c869c53fa1a5b68c147caf3f8f70ffd8f545c9bffed1715d95e3f33f83ecb2959d24f8bf3f972bbdbc65c1bfff66c0c6dd6ef0bf7eab0fd40f25e3bfc1bacf2d1b11e6bf6f4976f634e4f9bf9e1ebc8e9256dbbffe36c9c60548eebf131c4cd1f71fe9bfd849dbe1bdbfc1bf5214be26e792ecbf0c0ce87f6769e6bfda8eb63c0deee23f7234c4d95843f8bf72e363f9ce64c3bf0258ed885da8efbfcbfdc66077d9d4bf9772fb0cb8bcd4bf02e5b1a2f807f1bff2e9281a06a2e0bf5103e6b64444e9bfc24a33c252c0afbf1c5481a11dde933f61091cb57595e0bf5871efca365befbf730de15b9105e13f98e042beac0e10c00177910cf02fee3f39e738f55920f43f4ee0e588547bdfbf766fc9debc86f03fd7c664502b4403c0dfdf2c32dc4ca4bf7b85f1a18281a33ff2bd7d08aeafebbf3afcdb78579aecbf86917213f0f4cabf426578a9347ae7bfbf865d8aeda4e13fd54aff251df8f8bf315746b8fe8cb1bfbea72d93abf7d3bf4d922e5bc804963fc5475ae5d1dee23f5f8d292491d209c0b19d891c2489eebf2896a43227abd3bf44bca114b6b8d43fddd4d6a6c858d7bf19e0af688c21f4bf7bb70fe3c640eebf58cc62b77068f83fdc0a389273a6f0bfe741f6517f08e1bfc8219f078b95febfe636fb09e749ebbf89f19f7c14d7e2bf174d78aa383904c0409db7988c35d73f955864b84f06f8bfa631e2565d0fe5bfc01351cfcef3c43f59c0e89489fae5bfa7adf5d1edc0dfbf9534000000000000008c0c636f76617269616e6365735f94681a2981947d9428681d682068214b084b0d8694682368246825682a682d88682e4b10756202ffffab8afd6f5531d33febe31c7a436dce3f9b322d693309d33fadac65597a1cd83f1941fd6e43c5da3f402fcb8606b3f03fad11a0304e84e83f8b39c0cdf311e13f573943957934f13f53fb7b19c1f3fa3fae85b245f27ee83fb3095e92eda8e63f08e81a937581f33f4b2ed043ac36d13f9bf1118a86b8cd3f4b979ed6a121cd3f363ffcb6a658e83f20fe4858088dd23f88d04e99e90de73f13d1bcf7689beb3fb206824203c7ed3f1fe3324bdde2e63fdd2e6c754806f23ff80bb481e135d93f81937d7d8419de3f33d70a96dc30e13ff6b6a368d0a0b73ffbbb1671173ec43f40e002bb2c7ece3f07b308196f57cd3f01f68c5031d0cc3fe6eb1ed7a937d33fd353cdc0cd9de23f368c0b5ff168d83ffcca1871a01bd63f2f15cd010dabdc3f029f7069ac05d33fc0e38ba24462d33fa17f30a90400dc3f0326d03c6d76c63f4f331b3ab8d7e33f6fa3a989e411d43fb9a03c25d189d93f876082e39af1c73f47f0a4b70a9dcc3fbb7f21b6d7c5e23f87434692f77bd93fcc3e69ae5b9ce43ffdc5dee0c95cdc3ff4607816a9d1db3f21fdf9506d7dd23f86281a4d3165d73f54110a7bffdaab3f96f3bc6ab04ab13f8b12977f2233b43f7ed902e7bd4ab33f8a54f3bbfcb9ae3f7a7bc3c093f6b43fa6ae9390cdd5b93f56550f159f77b83fff782174b47ccf3fcfb898966fb2c33f04fffcd2b56dbb3f705e667e85acd13fd324b83039d2c13f11052def98e9cf3f1b572156a4dbf33ff166d465a26fe63fdd6c66b44ec6e83f66e6c0edb743e83fb918e56d2162e83f43e614a73726f23f6eeb71cba5ede43f5647338861aff43f83ff36e35cc1f63f59f6d50a80e7eb3f67c093e987ccea3f838c0f1e986bee3f9a6fd826b667d63f55a603758a37d43f55bfe6d41cebdc3f1b936f32af22e33ff772ceb84713ef3f17d254a869dbe53fabe657a5ce55f03fc29677e8bea1e43f711c828ae723ea3f1a171ce504faf63fa822c6be9576ef3f8fb2f7f978dae03f96245b512d58f13f7652b4df07cfb13fd6355d6cfe3ab03fb22ee3f044e3b83fc5e79cede853d23fcfbf7a63c342d33f0f8de86ffdebc33f770cf8b2c860e43f33fbebcf64e1d23f4bc3691cda0ec83f278e98fe0ac6d63f0980300f1364d63f1783f07fdb66db3f884b75337da7df3f953c000000000000008c14707265636973696f6e735f63686f6c65736b795f94681a2981947d9428681d682068214b084b0d8694682368246825682a682d88682e4b1075620affffffffffffffffffff240609a5a837fd3f8ed475308e6800400dd1fd0c6556fd3f9c0f00d14a11fa3f2d39e4bd2bbdf83f8754ee1da352ef3f74345f788947f23f1ba42d4f1ce8f53feba8653becdbee3fc4198156cca7e83f7c60933d8949f23ffeccaea28003f33fd8c3130b68fbec3f5cf6dacdf3d9fe3f5d81a56d279a0040a32987aeefc40040ad31a27ae557f23fbde54bd2f1b7fd3f2459e820aed9f23fac1d4217dc39f13fe012480d1d96f03f2bc3d54860ebf23f3ea573453b26ee3f5be43d9b2f7ef93fc41bad3fad54f73fc59085b661d4f53ff518789c29550a40eb7e5446f11d0440eb28e9c1006400401cceb7c288b500401f13d7ef91dc004034da5273d832fd3f676970c027faf43f80f8547d56e8f93f877dced51639fb3f612e51c3fae7f73f10f248431d59fd3f73374117b012fd3f226a3fe38f30f83f5d975254d4180340ce062bc39351f43f539fa3c56092fc3fd32267412854f93fdf91442b347f024074419a7a9deb0040f9df2502bde3f43fea5d694a095bf93fe59a3c2bbbeff33fa382adbedf08f83f2404772daf44f83f48ffc5be79c4fd3fdd11b311a276fa3fe377217227261140b0fd257413c80e402af88f8ed47a0c40c9fea0d464240d40b3a99ef90454104069545fb4d6f40b409cb0a827cd2e0940f47da6dd8fe009402baad74239210040b9c2a9a1c5640440ecf7ecc1be7008405875298b6a72fe3f6b9964fca97005400792bdb69c050040468de1794db9ec3f6cc04d23b81bf33fc6b7fbcc1f2ff23f9aa08c53cd5ff23f0c15be555454f23f93dae14da90bee3f91c0475bddc8f33fe973212dca24ec3f6085d05f3cd5ea3f95b45a894f22f13fd7c50902db7bf13fa1dba3700169f03f95448148b60afb3f0b25afe7b977fc3fb1c1035c71cdf73f167a9ad8d1b0f43f31c1d3847e3cf03f36563515165cf33f8b0f7c9284abef3f8213c7a020edf33f1cf1a0b1e5b3f13f133554ba12b4ea3f6f027dc6ca22f03fe5ffed800d0cf63fa53fbf2719bcee3f12e74148dc540e40a317e5c7a2c50f40e6d1e61d5ca80940722b9fe81de6fd3f2e1409666d2afd3f225923d73a4704407806fb3aca0cf43f49c18e2c4275fd3f5095837cf27302400c1929667ad2fa3f0dd3f070e80cfb3fe3fa86eecc73f83ff2a2bf002bc0f63f9533000000000000008c0b707265636973696f6e735f94681a2981947d9428681d682068214b084b0d8694682368246825682a682d88682e4b10756203ffffff5872507a42ad0a40a541519ec7d3104033f9f06780e50a406315cdeb223c05406338c5e91f2003403fa23671f1a8ee3fdea37f2735e2f43f0611028571fefd3fba889b5f42c2ed3ffb59a16322ffe23f50a976c3c6e6f43fcb59a6465298f63fcfa4e23cad3fea3f34fbd39b75be0d402adeaa121c3a114038b8485b57931140b0dd5d30a707f53f774122aa87990b400473ae545935f63fddb565edc48bf23f52ed7d7bba31f13fb7e97f421f5ff63f2e916bcfdc67ec3f2b0fbef91b4f0440ba1dc11c99020140b72cd89e83c8fd3f8482884346ab25407e87a838134b1940843d4a8d72ca1040461236301d731140f1d9249204c51140e6a4261b79a40a408e83b97baa80fb3fefd7d70a9ef90440036f3662bc28074036a7d52c0adc0140013fd5347dea0a40bd5d0914ea690a40c6da0f87214902408cdb42d01ecb16402b40585591cdf93f79720eeec6820940e827bb395c0c0440744233ae28621540e9ef339dc8e41140616534110246fb3f8c8c1e81411704409125e97664d7f83fb8080014520d02408eb972309a6702405407f7fed2b00b40ea583a2b7fe205404d7d46ce6e61324020eafe6c079c2d407cdfbe73cb5829407dee7f25208a2a4062e17b27c3a93040ac1c40a07b6c284042ddec0065d12340b00afaaa08ed24404cfbaf82b7421040265416c468fe19401f12a25eabaa2240b9ff6fdd20f80c4077866389d7ba1c40214e6c653b0b10408a8bd79d78c8e93fb4fb965905d2f63fe7d8495892aaf43ff67d879ccb19f53f4f812c387afff43f79c4ecb1e135ec3fcdd6aa62e776f83f2370dd1a8cc0e83f1849e0070f80e63f37e273973259f23f76e24927f01af33f123f2e04b4d4f03fe9cd553017da0640ddac55484553094073e941ea79b40140edaddfb0aec1fa3fe12674c2e179f03f8e0c7170c66cf73f2127d32ee857ef3f6361b6d4e7d0f83fc1e5bdc92e96f33f70ff83c19348e63f9b75cf34e145f03f474adb362e61fe3fcd642dd20085ed3f6c4de311febf2c404f1fc502b08b2f409ecbfbb6859224400b63ac038def0b40cc4c92891e950a40991be63450b31940d21ac8cc0320f93f456a319d351e0b40cced40d4294815405cd0534e6f7b0640f77f8373cddd0640ab4add7356af0240b3454a25bd2c0040956e000000000000008c076e5f697465725f944b0b8c0c6c6f7765725f626f756e645f948c166e756d70792e5f636f72652e6d756c74696172726179948c067363616c6172949394682a4308cbffe1ea44b72ac094869452948c105f736b6c6561726e5f76657273696f6e948c05312e362e319475622e, 16, 0x800495ad010000000000008c1b736b6c6561726e2e70726570726f63657373696e672e5f64617461948c0e5374616e646172645363616c65729493942981947d94288c09776974685f6d65616e94888c08776974685f73746494888c04636f707994888c0e6e5f66656174757265735f696e5f944b0d8c0f6e5f73616d706c65735f7365656e5f948c166e756d70792e5f636f72652e6d756c74696172726179948c067363616c61729493948c056e756d7079948c0564747970659493948c02693894898887945294284b038c013c944e4e4e4affffffff4affffffff4b007494624308a34801000000000094869452948c056d65616e5f948c136a6f626c69622e6e756d70795f7069636b6c65948c114e756d70794172726179577261707065729493942981947d94288c08737562636c61737394680d8c076e6461727261799493948c057368617065944b0d85948c056f72646572948c0143948c05647479706594680f8c02663894898887945294284b0368134e4e4e4affffffff4affffffff4b007494628c0a616c6c6f775f6d6d617094888c1b6e756d70795f61727261795f616c69676e6d656e745f6279746573944b10756207ffffffffffffffe5a640fa1b457ac092b0851c915862402723642fdca42440aaef47d3d60d3940bb2b1ed385d52040dd2fa909e1841540bc59121786e012406c483d168e98f13f1cf9978a7ac402c03e06bce5b4db02c0b265f5afb4b215c076d241d109c602c08a93d337ef9afdbf952a000000000000008c047661725f94681b2981947d9428681e682068214b0d85946823682468256828682a88682b4b10756204ffffffffb757855662fcd340451bc479ca4db64048a79b518f349c401abea6c836928f40ad0a20e4b20d844067f8463c37df7d406c489dcca4537340d5a36f55ed8f6940466b68d865bf6b40fd2c903bc7c26340cd1d76196ba163404b4f11ba1dc76340bda0f661ed7b6040952c000000000000008c067363616c655f94681b2981947d9428681e682068214b0d85946823682468256828682a88682b4b10756202ffffd14ae790d9e161404dd3e4c90ae452409ffad601543e45401f87e9fdebc83f407be774b300553940179a76f0b1dc3540d98b1831ba9531407dca82fcbc992c400c575d0b4ecc2d40596e761782252940f749a7433f10294089c1f88344282940ec6e457898f72640951e000000000000008c105f736b6c6561726e5f76657273696f6e948c05312e362e319475622e, 11.461521728270199, 9);

-- --------------------------------------------------------

--
-- Table structure for table `accounts_voicesample`
--

CREATE TABLE `accounts_voicesample` (
  `id` bigint(20) NOT NULL,
  `audio_file` varchar(100) NOT NULL,
  `uploaded_at` datetime(6) NOT NULL,
  `user_id` bigint(20) NOT NULL
) ENGINE=InnoDB DEFAULT CHARSET=utf8mb4 COLLATE=utf8mb4_general_ci;

--
-- Dumping data for table `accounts_voicesample`
--

INSERT INTO `accounts_voicesample` (`id`, `audio_file`, `uploaded_at`, `user_id`) VALUES
(217, 'voice_train\\2\\9a73bcc4-2b29-4a05-9c84-531f562fa069_rafi_1.wav', '2025-05-18 12:57:03.707748', 2),
(218, 'voice_train\\2\\1c750bf5-6cd4-4c56-ba37-2d7ddc97088f_rafi_2.wav', '2025-05-18 12:57:06.895715', 2),
(219, 'voice_train\\2\\fe58661d-3851-4ad0-b862-5ebab132c5cc_rafi_3 - Copy.wav', '2025-05-18 12:57:06.946718', 2),
(220, 'voice_train\\2\\52fc3dc4-0beb-4daf-bf0a-97c54628c8e5_rafi_3.wav', '2025-05-18 12:57:06.989721', 2),
(221, 'voice_train\\2\\7167b54c-1faf-40ff-b3d9-3308394eeab6_rafi_4 - Copy.wav', '2025-05-18 12:57:07.032727', 2),
(222, 'voice_train\\2\\e5b989be-dfa6-4b5e-ac02-d874f7242148_rafi_4.wav', '2025-05-18 12:57:07.075728', 2),
(223, 'voice_train\\2\\be6f51d6-89a0-460f-8c4b-dbbea7235ab9_rafi_5 - Copy.wav', '2025-05-18 12:57:07.116735', 2),
(224, 'voice_train\\2\\c9445bc2-9761-4bca-83d8-8a75e59ec1c2_rafi_5.wav', '2025-05-18 12:57:07.158026', 2),
(225, 'voice_train\\2\\e9e40970-8c20-4d8c-8a6c-d7e029b67331_rafi_clean - Copy.wav', '2025-05-18 12:57:07.204027', 2),
(226, 'voice_train\\2\\1c218dec-b1cb-486b-b9e5-6236dd227255_rafi_clean.wav', '2025-05-18 12:57:07.287033', 2),
(227, 'voice_train\\3\\a0beec62-3f5a-412f-99e3-c89eadf32c9c_ihsan_1.wav', '2025-05-18 12:57:20.564887', 3),
(228, 'voice_train\\3\\ee34a2e3-4ec2-42c0-950a-287879e2e378_ihsan_2.wav', '2025-05-18 12:57:20.605888', 3),
(229, 'voice_train\\3\\9f7f799a-6829-4d16-8ee5-0326f0703abb_ihsan_3.wav', '2025-05-18 12:57:20.647917', 3),
(230, 'voice_train\\3\\e92a774b-12f6-4b39-8269-cd2983e1da1f_ihsan_4.wav', '2025-05-18 12:57:20.688329', 3),
(231, 'voice_train\\3\\253fc257-d2ce-4d08-bb8e-0a486e1fde03_ihsan_5.wav', '2025-05-18 12:57:20.729332', 3),
(232, 'voice_train\\3\\c8be7390-7434-4b1a-b75c-3828c7809ebc_ihsan_6.wav', '2025-05-18 12:57:20.773339', 3),
(233, 'voice_train\\3\\6b8beb4c-bede-4b03-87e3-369f3ec93570_ihsan_7.wav', '2025-05-18 12:57:20.812339', 3),
(234, 'voice_train\\3\\6f7b0c91-fb00-49f7-94e1-895d047d1e16_ihsan_8.wav', '2025-05-18 12:57:20.853637', 3),
(235, 'voice_train\\3\\d32bb105-71d3-49eb-9726-62a15df859c0_ihsan_9.wav', '2025-05-18 12:57:20.893640', 3),
(236, 'voice_train\\3\\3fffac02-fc32-4e29-be40-fdf2996139d3_ihsan_clean.wav', '2025-05-18 12:57:20.936640', 3),
(237, 'voice_train\\4\\34f9f85e-499d-4939-8895-b9371166bfea_ananta_ (1) - Copy.wav', '2025-05-18 13:00:06.566131', 4),
(238, 'voice_train\\4\\972f2950-7b9e-4c8d-8b40-53d411b874c4_ananta_ (1).wav', '2025-05-18 13:00:06.618134', 4),
(239, 'voice_train\\4\\c0cdc3d4-65b1-4e95-9cdd-58fdc00bf57f_ananta_ (2).wav', '2025-05-18 13:00:06.668929', 4),
(240, 'voice_train\\4\\c496aecd-d1e2-48c7-8b22-cc766b4378a1_ananta_ (3) - Copy.wav', '2025-05-18 13:00:06.729952', 4),
(241, 'voice_train\\4\\4e0b1754-cb34-4e4d-b7b8-63fb8da9fe62_ananta_ (3).wav', '2025-05-18 13:00:06.781957', 4),
(242, 'voice_train\\4\\ea52f11f-e72e-47f6-b531-9dfa6d7126e1_ananta_ (4).wav', '2025-05-18 13:00:06.831961', 4),
(243, 'voice_train\\4\\32b4ef13-4885-46e1-89c0-0d6527d3a712_ananta_ (5) - Copy.wav', '2025-05-18 13:00:06.894966', 4),
(244, 'voice_train\\4\\d56ce9fe-3c82-45be-b886-e594ae7faf17_ananta_ (5).wav', '2025-05-18 13:00:06.957971', 4),
(245, 'voice_train\\4\\f8c91d2c-e339-44b4-a682-72794862bfd3_ananta_clean - Copy.wav', '2025-05-18 13:00:07.021975', 4),
(246, 'voice_train\\4\\b46c12a6-84e7-47fc-9afd-6b7d8f920b00_ananta_clean.wav', '2025-05-18 13:00:07.077979', 4),
(247, 'voice_train\\5\\23225baf-8c32-4bff-9361-0cff95bd3744_chandra_1.wav', '2025-05-18 13:00:19.032993', 5),
(248, 'voice_train\\5\\932866b9-16ad-4b00-abb7-607c4bff6961_chandra_2.wav', '2025-05-18 13:00:19.087997', 5),
(249, 'voice_train\\5\\03bb6a08-2d03-4a01-9c29-f243297cc996_chandra_3.wav', '2025-05-18 13:00:19.140001', 5),
(250, 'voice_train\\5\\c957c2d1-1df9-4dff-8a71-3943f4b95c37_chandra_4.wav', '2025-05-18 13:00:19.187005', 5),
(251, 'voice_train\\5\\e85b7e51-bca4-41fc-85a7-d63aee6c3753_chandra_5.wav', '2025-05-18 13:00:19.231008', 5),
(252, 'voice_train\\5\\d94dcdd1-244e-4f07-bfdc-cda4f480dcaf_chandra_6.wav', '2025-05-18 13:00:19.273009', 5),
(253, 'voice_train\\5\\03b339a6-e9cb-41ab-88d5-2d24eb0ed579_chandra_7.wav', '2025-05-18 13:00:19.317013', 5),
(254, 'voice_train\\5\\842e1de4-ffdb-4f3c-a7a4-c5dbb8a24d40_chandra_8.wav', '2025-05-18 13:00:19.359017', 5),
(255, 'voice_train\\5\\97931429-4845-4b68-a97d-79fe9e6ee0eb_chandra_9.wav', '2025-05-18 13:00:19.401019', 5),
(256, 'voice_train\\5\\8b8f84e0-459c-4f94-a258-aca0343516b0_chandra_clean.wav', '2025-05-18 13:00:19.455027', 5),
(257, 'voice_train\\6\\a5b6514b-1262-41da-848b-7c3c361c4a5b_cia_1 - Copy.wav', '2025-05-18 13:00:33.542033', 6),
(258, 'voice_train\\6\\79d9a14f-7566-4218-8614-cc08ae6572a9_cia_1.wav', '2025-05-18 13:00:33.586037', 6),
(259, 'voice_train\\6\\f5e38c86-c986-41c0-82ac-4426a99a8336_cia_2.wav', '2025-05-18 13:00:33.629221', 6),
(260, 'voice_train\\6\\c14f191d-87c8-4dcd-ba11-4b03be3cc96d_cia_3 - Copy.wav', '2025-05-18 13:00:33.674225', 6),
(261, 'voice_train\\6\\83d9efaa-dca1-4b66-bf53-a98ff930511e_cia_3.wav', '2025-05-18 13:00:33.718239', 6),
(262, 'voice_train\\6\\52805899-60fd-447f-8de5-d71fa5c7d2ea_cia_4.wav', '2025-05-18 13:00:33.759242', 6),
(263, 'voice_train\\6\\e24cb835-6d89-41ff-9755-cc096c808312_cia_5 - Copy.wav', '2025-05-18 13:00:33.801246', 6),
(264, 'voice_train\\6\\d203572c-8ee9-4a89-8179-6a655ff89489_cia_5.wav', '2025-05-18 13:00:33.843591', 6),
(265, 'voice_train\\6\\d5e6ae17-1d3f-4809-b8f7-142d245ee0f3_cia_clean - Copy.wav', '2025-05-18 13:00:33.892842', 6),
(266, 'voice_train\\6\\a72aaea4-923d-4466-9161-dca609d6ca5c_cia_clean.wav', '2025-05-18 13:00:33.994852', 6),
(287, 'voice_train\\9\\4622dd6d-9bf7-49f8-93b7-84593fd64c75_ivan_1 - Copy.wav', '2025-05-18 13:01:32.415067', 9),
(288, 'voice_train\\9\\c3f56db9-99f7-4372-8892-9fe928d6bc13_ivan_1.wav', '2025-05-18 13:01:32.463070', 9),
(289, 'voice_train\\9\\0a6a043d-16d2-4d23-87ec-0f966c86a5ed_ivan_2 - Copy.wav', '2025-05-18 13:01:32.511074', 9),
(290, 'voice_train\\9\\ebbc8cc8-d757-4ca1-8433-f758859fe40f_ivan_2.wav', '2025-05-18 13:01:32.558080', 9),
(291, 'voice_train\\9\\43333b8c-ac2d-476c-a2ab-59d2d347ba5e_ivan_3.wav', '2025-05-18 13:01:32.603083', 9),
(292, 'voice_train\\9\\c6b50307-dfc9-4827-a8ef-5ba462e897db_ivan_4 - Copy.wav', '2025-05-18 13:01:32.648085', 9),
(293, 'voice_train\\9\\4203053a-eb40-49b4-8d82-7d70858497f0_ivan_4.wav', '2025-05-18 13:01:32.696090', 9),
(294, 'voice_train\\9\\e6551ea0-00e3-42dc-99bf-243b6f7b9667_ivan_5.wav', '2025-05-18 13:01:32.746092', 9),
(295, 'voice_train\\9\\f7282e3b-9574-41cd-950b-0c1b8618aec7_ivan_clean - Copy.wav', '2025-05-18 13:01:32.792096', 9),
(296, 'voice_train\\9\\817ddecd-5168-4bd0-ac68-ba2f69d2346f_ivan_clean.wav', '2025-05-18 13:01:32.838100', 9),
(297, 'voice_train\\10\\e0c561e1-67f6-4e2d-82bf-c7ce05f86e06_komang_1.wav', '2025-05-18 13:01:43.478076', 10),
(298, 'voice_train\\10\\b42d7d67-8715-43cd-8967-cbb726b171d8_komang_2 - Copy.wav', '2025-05-18 13:01:43.527082', 10),
(299, 'voice_train\\10\\14f3b662-4b08-4897-926c-43a57d1d2e3e_komang_2.wav', '2025-05-18 13:01:43.574084', 10),
(300, 'voice_train\\10\\35a7bfba-0fb1-4562-9a21-459b7a059f24_komang_3 - Copy.wav', '2025-05-18 13:01:43.620085', 10),
(301, 'voice_train\\10\\693cee95-8424-401a-99a0-609b124f38ea_komang_3.wav', '2025-05-18 13:01:43.665089', 10),
(302, 'voice_train\\10\\6598a439-8169-463b-8c28-f3d306b4399b_komang_4 - Copy.wav', '2025-05-18 13:01:43.709095', 10),
(303, 'voice_train\\10\\e4e629a3-5df7-48c8-a5df-8445352e76a3_komang_4.wav', '2025-05-18 13:01:43.752097', 10),
(304, 'voice_train\\10\\62b62683-ee18-4492-8262-84ab92188519_komang_5.wav', '2025-05-18 13:01:43.797102', 10),
(305, 'voice_train\\10\\01d5f42c-ef7e-4623-856a-598f05759fca_komang_clean - Copy.wav', '2025-05-18 13:01:43.844105', 10),
(306, 'voice_train\\10\\c9d92302-6eb0-48ec-a924-0e51c169d970_komang_clean.wav', '2025-05-18 13:01:43.931110', 10),
(307, 'voice_train\\11\\5ca09831-65e2-4983-8f9f-4cbe4a05d629_mahen_1.wav', '2025-05-18 13:01:53.939761', 11),
(308, 'voice_train\\11\\c45ab285-43f2-4164-a5f1-5ee3e1de4870_mahen_2.wav', '2025-05-18 13:01:53.996768', 11),
(309, 'voice_train\\11\\226040ed-0e16-46b7-9080-2c0cb60887a0_mahen_3 - Copy.wav', '2025-05-18 13:01:54.052437', 11),
(310, 'voice_train\\11\\ab381f56-7ad6-4ff1-aeeb-62e8a46a9c66_mahen_3.wav', '2025-05-18 13:01:54.112443', 11),
(311, 'voice_train\\11\\969a6c37-62cd-4056-86c1-ae8720dc1562_mahen_4 - Copy.wav', '2025-05-18 13:01:54.171445', 11),
(312, 'voice_train\\11\\8f5fd612-1cc8-42d7-8415-4b52a5579c71_mahen_4.wav', '2025-05-18 13:01:54.225450', 11),
(313, 'voice_train\\11\\eaf52bee-a7a8-4521-ad74-238e7d1582c3_mahen_5 - Copy.wav', '2025-05-18 13:01:54.280453', 11),
(314, 'voice_train\\11\\1b0d06cc-68b2-4e2c-bfcc-bc724910efb0_mahen_5.wav', '2025-05-18 13:01:54.353460', 11),
(315, 'voice_train\\11\\cf74befa-028a-44f2-a3cd-58bd94a3bd1f_mahen_clean - Copy.wav', '2025-05-18 13:01:54.416466', 11),
(316, 'voice_train\\11\\60d39171-0952-44b2-9417-ba371a1c1208_mahen_clean.wav', '2025-05-18 13:01:54.485470', 11),
(327, 'voice_train\\13\\bd2c2b2b-1bf0-4fbc-803f-d978e7ac83a5_nabiel_clean - Copy.wav', '2025-05-18 13:02:15.788614', 13),
(328, 'voice_train\\13\\7b15fc08-9e8e-49b4-9586-271cc23a88a8_nabiel_clean.wav', '2025-05-18 13:02:15.847611', 13),
(329, 'voice_train\\13\\9e5bde48-b19c-4d36-b164-4ef6d6942249_nabil_1 - Copy.wav', '2025-05-18 13:02:15.903614', 13),
(330, 'voice_train\\13\\1657e063-1145-4b59-90a8-e2893ab54dfd_nabil_1.wav', '2025-05-18 13:02:15.946615', 13),
(331, 'voice_train\\13\\453ce282-0bf1-450c-a71b-05cbd7aaf296_nabil_2 - Copy.wav', '2025-05-18 13:02:15.991719', 13),
(332, 'voice_train\\13\\7b92332c-1755-4355-9587-f1ac0cbcf4cf_nabil_2.wav', '2025-05-18 13:02:16.030721', 13),
(333, 'voice_train\\13\\2f0fa205-0693-4d8a-8900-2ee471844f5c_nabil_3 - Copy.wav', '2025-05-18 13:02:16.069732', 13),
(334, 'voice_train\\13\\94b8c224-a967-4bfe-afb8-c4a7021624aa_nabil_3.wav', '2025-05-18 13:02:16.108737', 13),
(335, 'voice_train\\13\\e2ec48ff-1a21-48ea-9f53-1433b4172bf8_nabil_4.wav', '2025-05-18 13:02:16.147607', 13),
(336, 'voice_train\\13\\043e299a-6130-4d18-9823-96a248966f68_nabil_5.wav', '2025-05-18 13:02:16.193607', 13),
(337, 'voice_train\\14\\964d3734-d09b-4cd0-8da6-450f9cde12dc_satrio_1.wav', '2025-05-18 13:02:27.065996', 14),
(338, 'voice_train\\14\\19a83fda-e667-4756-80b0-9869b8aa9a30_satrio_2.wav', '2025-05-18 13:02:27.114000', 14),
(339, 'voice_train\\14\\c7849c53-9256-431e-abb9-ec489b725b38_satrio_3 - Copy.wav', '2025-05-18 13:02:27.158001', 14),
(340, 'voice_train\\14\\958336b6-3f8f-43ee-b5dd-915289cf4d64_satrio_3.wav', '2025-05-18 13:02:27.199952', 14),
(341, 'voice_train\\14\\77d3031c-7532-4d7b-8c42-f56d622194c2_satrio_4 - Copy.wav', '2025-05-18 13:02:27.239955', 14),
(342, 'voice_train\\14\\ae741b8e-8e28-4cb5-ba07-523752b1ca62_satrio_4.wav', '2025-05-18 13:02:27.280959', 14),
(343, 'voice_train\\14\\3bb3c08d-6619-4f4c-a5b7-bd28db406886_satrio_5 - Copy.wav', '2025-05-18 13:02:27.321962', 14),
(344, 'voice_train\\14\\9f2cac47-fdf3-4c37-a1c5-5f556ced1291_satrio_5.wav', '2025-05-18 13:02:27.361965', 14),
(345, 'voice_train\\14\\d56010ac-56aa-4d90-a674-b4e6e81fbbaa_satrio_clean - Copy.wav', '2025-05-18 13:02:27.408970', 14),
(346, 'voice_train\\14\\757ba08a-63f5-481f-983b-6d842aee2a5e_satrio_clean.wav', '2025-05-18 13:02:27.496986', 14),
(347, 'voice_train\\15\\f675bf0d-aee4-45d8-9949-036f8ca570c4_yeru_1.wav', '2025-05-18 13:02:36.614526', 15),
(348, 'voice_train\\15\\c42c2a76-2c10-4520-a296-f9434b996194_yeru_2.wav', '2025-05-18 13:02:36.729536', 15),
(349, 'voice_train\\15\\73b76b01-f718-4bb9-bfee-cbd213fe88b8_yeru_3 - Copy.wav', '2025-05-18 13:02:36.786539', 15),
(350, 'voice_train\\15\\e37f2494-e479-4ea3-aa22-fbda88bfe29d_yeru_3.wav', '2025-05-18 13:02:36.835542', 15),
(351, 'voice_train\\15\\fd5158e7-08d5-468b-b358-6046c109b0ec_yeru_4 - Copy.wav', '2025-05-18 13:02:36.880546', 15),
(352, 'voice_train\\15\\cb9ddfe5-3282-462d-bd16-1caaf791beb3_yeru_4.wav', '2025-05-18 13:02:36.924550', 15),
(353, 'voice_train\\15\\f4ea68ea-935b-44dd-96fc-64ed8dbdad34_yeru_5 - Copy.wav', '2025-05-18 13:02:36.972557', 15),
(354, 'voice_train\\15\\26e5a497-7182-424b-a238-a583ca6df48e_yeru_5.wav', '2025-05-18 13:02:37.021558', 15),
(355, 'voice_train\\15\\bbc654ad-72b6-4da4-9c14-88a03b62bd8d_yeru_clean - Copy.wav', '2025-05-18 13:02:37.075564', 15),
(356, 'voice_train\\15\\2b031528-1f3d-4f7d-9969-f11f006d7984_yeru_clean.wav', '2025-05-18 13:02:37.162570', 15),
(357, 'voice_train\\16\\02f32a3d-69e7-4ab1-8f3e-ca2e02229bea_zahid_1.wav', '2025-05-18 13:02:48.221311', 16),
(358, 'voice_train\\16\\49a39479-950c-48b0-a1d1-1cb41b9a53dc_zahid_2.wav', '2025-05-18 13:02:48.276327', 16),
(359, 'voice_train\\16\\2eea39de-f799-4950-b85c-33d99e930292_zahid_3.wav', '2025-05-18 13:02:48.328627', 16),
(360, 'voice_train\\16\\0f0eb827-47f0-4f90-8953-e4d1e106813a_zahid_4.wav', '2025-05-18 13:02:48.379638', 16),
(361, 'voice_train\\16\\9fa8e79e-48ca-4f5e-b7b2-e6bdf3c49db3_zahid_5.wav', '2025-05-18 13:02:48.431654', 16),
(362, 'voice_train\\16\\0fd61e2d-5c04-431a-88f7-5ba7cc21e1d5_zahid_6.wav', '2025-05-18 13:02:48.489660', 16),
(363, 'voice_train\\16\\e5979a96-afac-470d-b9b1-80adee5f8073_zahid_7.wav', '2025-05-18 13:02:48.562663', 16),
(364, 'voice_train\\16\\f682a583-dfb2-4d0e-8556-3f27209c7de3_zahid_8.wav', '2025-05-18 13:02:48.633669', 16),
(365, 'voice_train\\16\\9e2fd80a-748c-4e8f-bd17-35f3364b52cd_zahid_9.wav', '2025-05-18 13:02:48.726676', 16),
(366, 'voice_train\\16\\38a15d63-6fd0-4e3f-9c3d-6654ce740708_zahid_clean.wav', '2025-05-18 13:02:48.790681', 16),
(367, 'voice_train\\7\\31c7bc4c-b34b-460e-954b-5eb338ad2188_dzakwan_(1).wav', '2025-05-19 15:06:19.319295', 7),
(368, 'voice_train\\7\\5dff6b22-e900-4fdf-a513-4c36873e775a_dzakwan_(2).wav', '2025-05-19 15:06:19.381298', 7),
(369, 'voice_train\\7\\9def88f7-f358-42c5-91b7-ce67693ee7f4_dzakwan_(3).wav', '2025-05-19 15:06:19.445303', 7),
(370, 'voice_train\\7\\8a1baefd-17e3-4792-866e-2d1261ea7c68_dzakwan_(4).wav', '2025-05-19 15:06:19.509309', 7),
(371, 'voice_train\\7\\0cc82528-36cb-4c7f-ac98-b256163063ca_dzakwan_(5).wav', '2025-05-19 15:06:19.569310', 7),
(372, 'voice_train\\7\\efd523a7-f1aa-42d5-a167-03fc9159cf00_dzakwan_(6).wav', '2025-05-19 15:06:19.617495', 7),
(373, 'voice_train\\7\\c71cb170-25ed-47ae-afba-24e0d7288d60_dzakwan_(7).wav', '2025-05-19 15:06:19.665321', 7),
(374, 'voice_train\\7\\86c594a8-aca5-490c-9a02-d98bef42e69f_dzakwan_(8).wav', '2025-05-19 15:06:19.713543', 7),
(375, 'voice_train\\7\\ae8e4f17-280a-4dbc-beed-743a5140ecb0_dzakwan_(9).wav', '2025-05-19 15:06:19.760515', 7),
(376, 'voice_train\\7\\37a8de3e-5b3e-4c55-8590-d0f1e820e970_dzakwan_(10).wav', '2025-05-19 15:06:19.814962', 7),
(377, 'voice_train\\12\\57c5feb8-7112-4697-8fda-bb5545459e73_marko_(1).wav', '2025-05-19 15:10:09.882394', 12),
(378, 'voice_train\\12\\cad3c5db-7b8b-4792-961d-f4111d840fd8_marko_(6).wav', '2025-05-19 15:10:09.933902', 12),
(379, 'voice_train\\12\\63d2cf73-823a-4d5a-89aa-0d72b71c7291_marko_(7).wav', '2025-05-19 15:10:09.985902', 12),
(380, 'voice_train\\12\\7c6e70d5-cd33-41f2-978c-8acfba16e3c8_marko_(8).wav', '2025-05-19 15:10:10.037049', 12),
(381, 'voice_train\\12\\b2789e6c-6749-444a-8a57-7885514fe023_marko_(9).wav', '2025-05-19 15:10:10.087055', 12),
(382, 'voice_train\\12\\82bc366f-e91c-40a5-964e-6fb9b0c1854e_marko_(10).wav', '2025-05-19 15:10:10.137687', 12),
(383, 'voice_train\\12\\8ae10f11-64c5-4d7d-8069-dc635978cf10_marko_(11).wav', '2025-05-19 15:10:10.190797', 12),
(384, 'voice_train\\12\\433559a2-cb22-420c-8878-6e3c8d5eca9d_marko_(12).wav', '2025-05-19 15:10:10.252029', 12),
(385, 'voice_train\\12\\51169660-f31a-428c-b5a8-2fe5b339651d_marko_(13).wav', '2025-05-19 15:10:10.316032', 12),
(386, 'voice_train\\12\\48cc2eae-9a13-4b29-a11f-df37abe3a461_marko_(14).wav', '2025-05-19 15:10:10.373036', 12),
(397, 'voice_train\\8\\b1f093da-6ffa-4982-ad7f-3173f61a86d9_fanza_clean - Copy.wav', '2025-05-19 15:11:59.564734', 8),
(398, 'voice_train\\8\\08974b07-ef38-43b5-9a1b-8b00d711756e_fanza_clean.wav', '2025-05-19 15:11:59.656742', 8),
(399, 'voice_train\\8\\63aaaa1e-afdd-4310-a43c-6961bd662621_jul_1 - Copy.wav', '2025-05-19 15:11:59.736747', 8),
(400, 'voice_train\\8\\f8312f17-e6eb-4a27-8dcc-41bddbc42133_jul_1.wav', '2025-05-19 15:11:59.787754', 8),
(401, 'voice_train\\8\\18adfd94-02b0-4fd3-bcfe-7b24bcecbbd0_jul_2.wav', '2025-05-19 15:11:59.836750', 8),
(402, 'voice_train\\8\\ef67c4e8-a463-4cdf-b6fa-b6d6b52dd5eb_jul_3 - Copy.wav', '2025-05-19 15:11:59.883537', 8),
(403, 'voice_train\\8\\79208562-7722-47eb-8f20-68c4f8785d1b_jul_3.wav', '2025-05-19 15:11:59.928525', 8),
(404, 'voice_train\\8\\cfecdf2a-37f3-4d56-b96b-3c65257118cb_jul_4 - Copy.wav', '2025-05-19 15:11:59.974795', 8),
(405, 'voice_train\\8\\530bb7f3-4ab3-4b6a-82d0-8d73b1dd6c6f_jul_4.wav', '2025-05-19 15:12:00.027199', 8),
(406, 'voice_train\\8\\6f07eb6d-6141-453d-b7d7-83343ea32363_jul_5.wav', '2025-05-19 15:12:00.070222', 8);

-- --------------------------------------------------------

--
-- Table structure for table `auth_group`
--

CREATE TABLE `auth_group` (
  `id` int(11) NOT NULL,
  `name` varchar(150) NOT NULL
) ENGINE=InnoDB DEFAULT CHARSET=utf8mb4 COLLATE=utf8mb4_general_ci;

-- --------------------------------------------------------

--
-- Table structure for table `auth_group_permissions`
--

CREATE TABLE `auth_group_permissions` (
  `id` bigint(20) NOT NULL,
  `group_id` int(11) NOT NULL,
  `permission_id` int(11) NOT NULL
) ENGINE=InnoDB DEFAULT CHARSET=utf8mb4 COLLATE=utf8mb4_general_ci;

-- --------------------------------------------------------

--
-- Table structure for table `auth_permission`
--

CREATE TABLE `auth_permission` (
  `id` int(11) NOT NULL,
  `name` varchar(255) NOT NULL,
  `content_type_id` int(11) NOT NULL,
  `codename` varchar(100) NOT NULL
) ENGINE=InnoDB DEFAULT CHARSET=utf8mb4 COLLATE=utf8mb4_general_ci;

--
-- Dumping data for table `auth_permission`
--

INSERT INTO `auth_permission` (`id`, `name`, `content_type_id`, `codename`) VALUES
(1, 'Can add log entry', 1, 'add_logentry'),
(2, 'Can change log entry', 1, 'change_logentry'),
(3, 'Can delete log entry', 1, 'delete_logentry'),
(4, 'Can view log entry', 1, 'view_logentry'),
(5, 'Can add permission', 2, 'add_permission'),
(6, 'Can change permission', 2, 'change_permission'),
(7, 'Can delete permission', 2, 'delete_permission'),
(8, 'Can view permission', 2, 'view_permission'),
(9, 'Can add group', 3, 'add_group'),
(10, 'Can change group', 3, 'change_group'),
(11, 'Can delete group', 3, 'delete_group'),
(12, 'Can view group', 3, 'view_group'),
(13, 'Can add content type', 4, 'add_contenttype'),
(14, 'Can change content type', 4, 'change_contenttype'),
(15, 'Can delete content type', 4, 'delete_contenttype'),
(16, 'Can view content type', 4, 'view_contenttype'),
(17, 'Can add session', 5, 'add_session'),
(18, 'Can change session', 5, 'change_session'),
(19, 'Can delete session', 5, 'delete_session'),
(20, 'Can view session', 5, 'view_session'),
(21, 'Can add user', 6, 'add_user'),
(22, 'Can change user', 6, 'change_user'),
(23, 'Can delete user', 6, 'delete_user'),
(24, 'Can view user', 6, 'view_user'),
(25, 'Can add guru', 7, 'add_guru'),
(26, 'Can change guru', 7, 'change_guru'),
(27, 'Can delete guru', 7, 'delete_guru'),
(28, 'Can view guru', 7, 'view_guru'),
(29, 'Can add siswa', 8, 'add_siswa'),
(30, 'Can change siswa', 8, 'change_siswa'),
(31, 'Can delete siswa', 8, 'delete_siswa'),
(32, 'Can view siswa', 8, 'view_siswa'),
(33, 'Can add kelas', 9, 'add_kelas'),
(34, 'Can change kelas', 9, 'change_kelas'),
(35, 'Can delete kelas', 9, 'delete_kelas'),
(36, 'Can view kelas', 9, 'view_kelas'),
(37, 'Can add log masuk student', 10, 'add_logmasukstudent'),
(38, 'Can change log masuk student', 10, 'change_logmasukstudent'),
(39, 'Can delete log masuk student', 10, 'delete_logmasukstudent'),
(40, 'Can view log masuk student', 10, 'view_logmasukstudent'),
(41, 'Can add ujian', 11, 'add_ujian'),
(42, 'Can change ujian', 11, 'change_ujian'),
(43, 'Can delete ujian', 11, 'delete_ujian'),
(44, 'Can view ujian', 11, 'view_ujian'),
(45, 'Can add soal', 12, 'add_soal'),
(46, 'Can change soal', 12, 'change_soal'),
(47, 'Can delete soal', 12, 'delete_soal'),
(48, 'Can view soal', 12, 'view_soal'),
(49, 'Can add hasil ujian', 13, 'add_hasilujian'),
(50, 'Can change hasil ujian', 13, 'change_hasilujian'),
(51, 'Can delete hasil ujian', 13, 'delete_hasilujian'),
(52, 'Can view hasil ujian', 13, 'view_hasilujian'),
(53, 'Can add audit log', 14, 'add_auditlog'),
(54, 'Can change audit log', 14, 'change_auditlog'),
(55, 'Can delete audit log', 14, 'delete_auditlog'),
(56, 'Can view audit log', 14, 'view_auditlog'),
(57, 'Can add jawaban siswa', 15, 'add_jawabansiswa'),
(58, 'Can change jawaban siswa', 15, 'change_jawabansiswa'),
(59, 'Can delete jawaban siswa', 15, 'delete_jawabansiswa'),
(60, 'Can view jawaban siswa', 15, 'view_jawabansiswa'),
(61, 'Can add proctoring log', 16, 'add_proctoringlog'),
(62, 'Can change proctoring log', 16, 'change_proctoringlog'),
(63, 'Can delete proctoring log', 16, 'delete_proctoringlog'),
(64, 'Can view proctoring log', 16, 'view_proctoringlog'),
(65, 'Can add voice data', 17, 'add_voicedata'),
(66, 'Can change voice data', 17, 'change_voicedata'),
(67, 'Can delete voice data', 17, 'delete_voicedata'),
(68, 'Can view voice data', 17, 'view_voicedata'),
(69, 'Can add voice sample', 18, 'add_voicesample'),
(70, 'Can change voice sample', 18, 'change_voicesample'),
(71, 'Can delete voice sample', 18, 'delete_voicesample'),
(72, 'Can view voice sample', 18, 'view_voicesample'),
(73, 'Can add user face', 19, 'add_userface'),
(74, 'Can change user face', 19, 'change_userface'),
(75, 'Can delete user face', 19, 'delete_userface'),
(76, 'Can view user face', 19, 'view_userface'),
(77, 'Can add augmented face', 20, 'add_augmentedface'),
(78, 'Can change augmented face', 20, 'change_augmentedface'),
(79, 'Can delete augmented face', 20, 'delete_augmentedface'),
(80, 'Can view augmented face', 20, 'view_augmentedface'),
(81, 'Can add Test Image', 21, 'add_testimage'),
(82, 'Can change Test Image', 21, 'change_testimage'),
(83, 'Can delete Test Image', 21, 'delete_testimage'),
(84, 'Can view Test Image', 21, 'view_testimage'),
(85, 'Can add face test image', 22, 'add_facetestimage'),
(86, 'Can change face test image', 22, 'change_facetestimage'),
(87, 'Can delete face test image', 22, 'delete_facetestimage'),
(88, 'Can view face test image', 22, 'view_facetestimage');

-- --------------------------------------------------------

--
-- Table structure for table `django_admin_log`
--

CREATE TABLE `django_admin_log` (
  `id` int(11) NOT NULL,
  `action_time` datetime(6) NOT NULL,
  `object_id` longtext DEFAULT NULL,
  `object_repr` varchar(200) NOT NULL,
  `action_flag` smallint(5) UNSIGNED NOT NULL CHECK (`action_flag` >= 0),
  `change_message` longtext NOT NULL,
  `content_type_id` int(11) DEFAULT NULL,
  `user_id` bigint(20) NOT NULL
) ENGINE=InnoDB DEFAULT CHARSET=utf8mb4 COLLATE=utf8mb4_general_ci;

-- --------------------------------------------------------

--
-- Table structure for table `django_content_type`
--

CREATE TABLE `django_content_type` (
  `id` int(11) NOT NULL,
  `app_label` varchar(100) NOT NULL,
  `model` varchar(100) NOT NULL
) ENGINE=InnoDB DEFAULT CHARSET=utf8mb4 COLLATE=utf8mb4_general_ci;

--
-- Dumping data for table `django_content_type`
--

INSERT INTO `django_content_type` (`id`, `app_label`, `model`) VALUES
(14, 'accounts', 'auditlog'),
(20, 'accounts', 'augmentedface'),
(22, 'accounts', 'facetestimage'),
(7, 'accounts', 'guru'),
(13, 'accounts', 'hasilujian'),
(15, 'accounts', 'jawabansiswa'),
(9, 'accounts', 'kelas'),
(10, 'accounts', 'logmasukstudent'),
(16, 'accounts', 'proctoringlog'),
(8, 'accounts', 'siswa'),
(12, 'accounts', 'soal'),
(21, 'accounts', 'testimage'),
(11, 'accounts', 'ujian'),
(6, 'accounts', 'user'),
(19, 'accounts', 'userface'),
(17, 'accounts', 'voicedata'),
(18, 'accounts', 'voicesample'),
(1, 'admin', 'logentry'),
(3, 'auth', 'group'),
(2, 'auth', 'permission'),
(4, 'contenttypes', 'contenttype'),
(5, 'sessions', 'session');

-- --------------------------------------------------------

--
-- Table structure for table `django_migrations`
--

CREATE TABLE `django_migrations` (
  `id` bigint(20) NOT NULL,
  `app` varchar(255) NOT NULL,
  `name` varchar(255) NOT NULL,
  `applied` datetime(6) NOT NULL
) ENGINE=InnoDB DEFAULT CHARSET=utf8mb4 COLLATE=utf8mb4_general_ci;

--
-- Dumping data for table `django_migrations`
--

INSERT INTO `django_migrations` (`id`, `app`, `name`, `applied`) VALUES
(1, 'contenttypes', '0001_initial', '2025-04-11 06:20:17.369641'),
(2, 'contenttypes', '0002_remove_content_type_name', '2025-04-11 06:20:17.449534'),
(3, 'auth', '0001_initial', '2025-04-11 06:20:17.691412'),
(4, 'auth', '0002_alter_permission_name_max_length', '2025-04-11 06:20:17.741415'),
(5, 'auth', '0003_alter_user_email_max_length', '2025-04-11 06:20:17.751420'),
(6, 'auth', '0004_alter_user_username_opts', '2025-04-11 06:20:17.760417'),
(7, 'auth', '0005_alter_user_last_login_null', '2025-04-11 06:20:17.768422'),
(8, 'auth', '0006_require_contenttypes_0002', '2025-04-11 06:20:17.772420'),
(9, 'auth', '0007_alter_validators_add_error_messages', '2025-04-11 06:20:17.782419'),
(10, 'auth', '0008_alter_user_username_max_length', '2025-04-11 06:20:17.812425'),
(11, 'auth', '0009_alter_user_last_name_max_length', '2025-04-11 06:20:17.822437'),
(12, 'auth', '0010_alter_group_name_max_length', '2025-04-11 06:20:17.834424'),
(13, 'auth', '0011_update_proxy_permissions', '2025-04-11 06:20:17.843423'),
(14, 'auth', '0012_alter_user_first_name_max_length', '2025-04-11 06:20:17.851438'),
(15, 'accounts', '0001_initial', '2025-04-11 06:20:18.203452'),
(16, 'accounts', '0002_kelas_logmasukstudent_siswa_kelas', '2025-04-11 06:20:18.331860'),
(17, 'accounts', '0003_ujian_soal', '2025-04-11 06:20:18.488870'),
(18, 'admin', '0001_initial', '2025-04-11 06:20:18.608572'),
(19, 'admin', '0002_logentry_remove_auto_add', '2025-04-11 06:20:18.623572'),
(20, 'admin', '0003_logentry_add_action_flag_choices', '2025-04-11 06:20:18.638575'),
(21, 'sessions', '0001_initial', '2025-04-11 06:20:18.674602'),
(22, 'accounts', '0004_ujian_durasi_menit_ujian_waktu_mulai_and_more', '2025-04-14 06:51:19.400675'),
(23, 'accounts', '0005_siswa_voice_model', '2025-04-16 08:09:28.435159'),
(24, 'accounts', '0006_auditlog', '2025-04-18 17:39:48.969963'),
(25, 'accounts', '0007_jawabansiswa_delete_auditlog', '2025-04-21 08:43:56.688993'),
(26, 'accounts', '0008_proctoringlog', '2025-04-21 14:11:09.438467'),
(27, 'accounts', '0009_alter_proctoringlog_event_type', '2025-04-21 15:12:15.025758'),
(28, 'accounts', '0010_siswa_voice_threshold', '2025-04-25 08:52:29.124288'),
(29, 'accounts', '0011_remove_siswa_voice_model_and_more', '2025-04-30 05:39:23.339265'),
(30, 'accounts', '0012_voicedata', '2025-05-02 05:53:13.018338'),
(31, 'accounts', '0013_remove_voicedata_audio_file_voicedata_scaler_model_and_more', '2025-05-03 13:11:14.079751'),
(32, 'accounts', '0014_remove_voicedata_threshold', '2025-05-03 14:03:22.072102'),
(33, 'accounts', '0015_voicedata_threshold', '2025-05-04 12:43:47.000196'),
(34, 'accounts', '0016_userface', '2025-05-05 15:50:28.229394'),
(35, 'accounts', '0017_voicedata_margin', '2025-05-16 15:09:50.070610'),
(36, 'accounts', '0018_augmentedface', '2025-05-18 09:24:14.484200'),
(37, 'accounts', '0019_testimage', '2025-05-19 13:20:42.916051'),
(38, 'accounts', '0019_facetestimage', '2025-05-19 13:54:22.533522');

-- --------------------------------------------------------

--
-- Table structure for table `django_session`
--

CREATE TABLE `django_session` (
  `session_key` varchar(40) NOT NULL,
  `session_data` longtext NOT NULL,
  `expire_date` datetime(6) NOT NULL
) ENGINE=InnoDB DEFAULT CHARSET=utf8mb4 COLLATE=utf8mb4_general_ci;

--
-- Dumping data for table `django_session`
--

INSERT INTO `django_session` (`session_key`, `session_data`, `expire_date`) VALUES
('0smk8cql5bsj1u5phl23wz6j1986d0j5', '.eJxVTEsOgjAUvMtbm4ZiP9ale8_QTNtXqRowBdwY7y4YNiwmk_l-6FXZv7mWXDj5eeRKZ6kP5DFP3V_7kuhMUtPODIgP7tck3dHfBhGHfqoliLUitnQU1yHx87J1dwcdxm5ZG2UgrQVYa45oreMclEYbLScAC2RjcjhFh4WdlMdGGcUuoIkqO_r-ABUnQTg:1uGg9k:shXZcGXR3xYOEMSxMk-p2OwT6BglpANVPsPoGoBM2hM', '2025-06-01 15:42:28.306656'),
('13ur71qcxkqx7pot2utbvc2t2wjdswds', '.eJxVjEEOgjAQRe_StWmo7bQjS_eeoZl2BqkaIAXcGO9uMGxY_v9e3kdNVeJbaumKcFxnqarFk4q0Lv1_xsKqVagOX6L8lGED_KDhPuo8DkstSW-K3umsbyPL67q7h0BPc79lnfHZdB7QyhnAOvAQTL4kS51xBlwIRE2TyLJ48IihgRwyYUIWYqe-P2nVP0A:1uGeV8:LwFqK6TunnD2cN1vpCQu-eWYwa3H-pbJtpDIVXILNrY', '2025-06-01 13:56:26.128802'),
('5pbbni837b4jil8adftcy6smuosb21ym', '.eJxVjMsOwiAQRf-FtSFSymNcuu83kIFhpGogKe3K-O_apAvd3nPOfYmA21rC1vMSZhIXocTpd4uYHrnugO5Yb02mVtdljnJX5EG7nBrl5_Vw_w4K9vKtNTmITsFAkZkBDCRvPEFE5wccyWU_Aitkz5xRazLWWs0JrWc36rN4fwD6nThs:1uGhBo:GFs4wFm1-hR79gssWNNQJW5CZCq07xx2Xp67oki6OLY', '2025-06-01 16:48:40.002329'),
('8auz091pzqi6wenc1hawmrn837j9dbhj', '.eJyrViooSo0vSy3KTMtMTYkvLU4tUrIyNNFRKsvPTMYiUQsAyFcR3g:1uGeNZ:m9uPKrY90mnp4Nf6mLfszeWRkexgo28s_2YZK80nU5M', '2025-06-01 13:48:37.783363'),
('aml5rnpjr8pzr1zpemvvwlnnnwtecivg', '.eJxVjL0OgzAQg9_l5iqChPzA2L3PEN0ll5K2AhSgS9V3L1QsLJbsz_YHpsL-zSWnzNGvMxfo9AU8rkv_tz5H6EDDKSMMTx52EB843EcRxmEpmcReEQedxW2M_Loe3dNBj3O_rVVtm0o5ZWqjjKlScmgpScVs2dWbtuiQ2FmrbUBqoqagkpNBSmo1E3x_gChACQ:1uGfTL:Ll7wbIjxcEeMNXDs_GwRd7KennNYj9uWbjx-yDAOBKo', '2025-06-01 14:58:39.195649'),
('dqcbnnf425q9otcbu9v53mbq2w8nu8cd', '.eJxVjDsOgzAQRO-ydWR5_cGGMn3OYPmzDk4iQAbSRLl7IKKhnJn35gNTJfemWnKh5NaZKnSoLuD8uvT_7EqCDlDBqQw-PmnYl_Tww31kcRyWWgLbEXasM7uNiV7Xgz0d9H7uN5sHaxupTaSIpLVIbSOMsVK23KqoeDaIxqiG54SWss8YJAkhYlBabCJ8f78mPw4:1uGfR5:AZegJHR2kDhndB4tJH96KvTlQ8SaXZi7ZZfQWpSFxEQ', '2025-06-01 14:56:19.174995'),
('dvz5dfonp2u1j7wlj5brmgj5it5uuc9q', '.eJxVjLEOwjAMRP_FM4qcRLgtIzvfEDmOQwOoRWnLgvh3KOrS8e69uzc8q4aX1pKLprBMWuFEBwi8zP0_hpLgBAS7LrLcdVhBuvFwHY2Mw1xLNKtiNjqZy5j0cd7c3UHPU_9bW-oIOWKMIo5ZnfOeYuujbdQj-tRJgyTImZk7ZOGckz2KbRy3Vgg-X6e5QIA:1uI5wa:pRPnB_CbDFwxFRC7gSZ5IjhIkIFSEA4SuYXUxTQpg7U', '2025-06-05 13:26:44.180667'),
('ejtxyq9msxyngwrrygzwaf9j2hmkkoch', '.eJxVjs0OwiAQhN-FsyH8lFZ69O4zENhdLGqogdaL8d2lpge9TeabmcyLOb8uk1srFZeQjUwqdvg1g4cb5Y3g1efLzGHOS0mBbxG-08rPM9L9tGf_BiZfp9YGr_uejJQWtRhAKfIwWIgi9qIJ1KBCkwOaTlujUGvRmXC0QjZuYHv1KOSeVFJMhN9tNkr1_gBc7T-H:1uGenw:tuknoabjxdNg_Sr-kkbau-PatMmJlz6HdJKgnNhv5RM', '2025-06-01 14:15:52.042949'),
('f28bwjerq4mqaxdhy2v2apmoyvtv4o0a', '.eJyrViooSo0vSy3KTMtMTYkvLU4tUrIyNNFRKsvPTMYiUQsAyFcR3g:1uGesl:GEz8NhE6okQt1EkLKeDabRPABWbABVN7N--TUiyii1U', '2025-06-01 14:20:51.752631'),
('facagbrtrmbhu51fr8rnz60szz20l7dt', '.eJxVjMsOwiAQRf-FtSFSymNcuu83kIFhpGogKe3K-O_apAvd3nPOfYmA21rC1vMSZhIXocTpd4uYHrnugO5Yb02mVtdljnJX5EG7nBrl5_Vw_w4K9vKtNTmITsFAkZkBDCRvPEFE5wccyWU_Aitkz5xRazLWWs0JrWc36rN4fwD6nThs:1u4DWO:ZpWVkMW2n4bMaznW418QDEADXjFPxJ7xlpWs01WC4E0', '2025-04-28 06:42:20.226941'),
('fuvxzylis35f39io8rnb46kejtyzj047', '.eJxVjM0OgjAQhN9lz6bZ_iAtR-8-Q7Ntt1I1QAp4Mb67YrhwnG--mTdMlf2La8mFk19nrtCZE3hal_4ffUnQgYEDCxQfPGxFutNwG0Uch6WWIDZF7O0srmPi52V3Dwc9zf22lpiRG43UWhM1KmuJz4qTlj_iYtBtktG5VlPOWaGVTjVo0DipDQcFny-Crz77:1uGK1j:r8w7LVkclR_LX0OYwv7PgjWe49xFLmQp7fN0seQ8lWo', '2025-05-31 16:04:43.586081'),
('fxbs6v368gz78iaflcyi0x5h4nn11ug3', '.eJxVjM0OgjAQhN-lZ9PQH6DL0bvP0Oy2W6kaMC14Mb67YrhwnPm-mbd4FvYvLjlljn6tXMSgzEl4XJfxn32OYhDKiENJGO48bSTecLrOMszTUjLJTZE7rfIyR36cd_dwMGIdf2uLRGSt6hy4hnqObQOgDGrGACoRtdY4axrddhAdpaT7aCBwYG3Bcic-X-W9QDI:1uGhDs:dmMzKaFfRalPbmMs8DRaEE9IvRUzRgsWDWEgcOw1McY', '2025-06-01 16:50:48.950071'),
('gi5fzdug2hvelmrd5l736nna8tixjsvx', '.eJxVjEEOgjAQRe_StWloO0CHpXvP0HTaqVQNkAJujHcXDAvd_vf-ewnn16V368zF5Sg6oYw4_Y7kw52HncSbH66jDOOwlExyV-RBZ3kZIz_Oh_sX6P3cb2_wRASgGou2opZjXSEq4zX7gCoR1WAsmErXDUZLKek2GgwcWAMCN1t0KuyeXHLKHL9t0Snz_gBvkEAy:1uGf6C:pU59lU-88tFBWXvPUqPBav2SreMxTUFMSRLCeQhb0tg', '2025-06-01 14:34:44.315974'),
('gneioukwzdqe0sbwosx8ka4eximp7c2o', '.eJyrViooSo0vSy3KTMtMTYkvLU4tUrIy0VEqy89MxiaelggUTiwpSc0tKClWsjKqBQAc5xe4:1uI6Hm:vtI_Zg1zJkBEiAVoKt6XQHORyfQXZESZl-OVbg7hGVs', '2025-06-05 13:48:38.390959'),
('gs040gut6wc2hbqy0kazrz0yktwujpnl', 'eyJwcmVfdmVyaWZpZWRfdXNlciI6Nn0:1uFvsG:ZOry2slQH0Fnf1L5gXCLTghATKQfY3nZ2Vx7fpyq2gA', '2025-05-30 14:17:20.323612'),
('i8nc1wk3gsxesq6eazylthkrmnefg646', '.eJxVjDsOgzAQRO-ydWR5_cGGMn3OYPmzDk4iQAbSRLl7IKKhnJn35gNTJfemWnKh5NaZKnSoLuD8uvT_7EqCDlDBqQw-PmnYl_Tww31kcRyWWgLbEXasM7uNiV7Xgz0d9H7uN5sHaxupTaSIpLVIbSOMsVK23KqoeDaIxqiG54SWss8YJAkhYlBabCJ8f78mPw4:1uGfKn:h6v0rC0sRzwIbsZJR4q_ErbKRA6fKmP0XqNw-Z8-T6U', '2025-06-01 14:49:49.075873'),
('ibt096memeccbc7tuxpaf46iil0jm5cf', 'eyJwcmVfdmVyaWZpZWRfdXNlciI6Miwidm9pY2VfYXR0ZW1wdHMiOjB9:1u4zQE:ZjtM_7H_JBokKK7zoGgftnar5lFjwhINQBbGPLM4BvU', '2025-04-30 09:51:10.772833'),
('ip0cno9nxsmjw2wtfsoh80ogkwo7igrz', '.eJxVjMsOwiAQRf-FtSHDoxa6dO83kAEGQU1raOvG-O8W04Vuz7n3vJjDdclunam6EtnANDv8Mo_hRmMT8YrjZeJhGpdaPG8TvtuZn6dI99O-_QtknHN7C0hAnQLsjQ4KpDFIR0lRiY3Y4FUfRbC2V5hSkmCElR1o0FYoTV5u0Ucl96RaUqH4bbNBvz_mlD77:1uI6Yd:xUVhTqDi-n1y6y8Fv3E2GTstTULJJXwIs7U49SaMaPY', '2025-06-05 14:06:03.193428'),
('j1k3qngeclvmicqn6ay4nigrtbxjttuh', '.eJxVjDsOgzAQRO-ydWR5_cGGMn3OYPmzDk4iQAbSRLl7IKKhnJn35gNTJfemWnKh5NaZKnSoLuD8uvT_7EqCDlDBqQw-PmnYl_Tww31kcRyWWgLbEXasM7uNiV7Xgz0d9H7uN5sHaxupTaSIpLVIbSOMsVK23KqoeDaIxqiG54SWss8YJAkhYlBabCJ8f78mPw4:1uGfmM:g2eiG8Ug9NKEsUhNBZmVEyeeADuwAnL9JvdzG3d4sgQ', '2025-06-01 15:18:18.561807'),
('jy6ri907erthb54q2v88trce8u2f99ud', '.eJxVjDsOgzAQBe-yNUKAAduU6XMGa-3dDc4HEBiaKHdPiGho38y8N0wzu43nKJHJrQvP0FUZbGMM7DAlfk1pga7IwOGa-r_hIkEHJZw2j-HBww7ojsNtzMM4pDn6fFfygy75dSR-Xg73dNDj0v9qRdp6XdqKvIhY29hgGkPWozYV1qTZ1FZKFCPCqBQ1bdsqCdga0bUq4PMFDmBHGw:1u6htN:xRWK2JU76zR29nNWxIMZdj84l80aeg_G70NfIbC4cwU', '2025-05-05 03:32:21.935875'),
('k07hetxy16vuvhvnjqzyif58m7ezr46v', '.eJxVjEEOgjAQRe_StWmo7bQjS_eeoZl2BqkaIAXcGO9uMGxY_v9e3kdNVeJbaumKcFxnqarFk4q0Lv1_xsKqVagOX6L8lGED_KDhPuo8DkstSW-K3umsbyPL67q7h0BPc79lnfHZdB7QyhnAOvAQTL4kS51xBlwIRE2TyLJ48IihgRwyYUIWYqe-P2nVP0A:1uFvbf:MYKQW-mCmLF3suQ4F1Bv1yr3xTzqhtY0fiUnESqKOm8', '2025-05-30 14:00:11.448230'),
('krexfoigr0tf2p9ld6ij7vlclcx11g9f', 'eyJwcmVfdmVyaWZpZWRfdXNlciI6OCwidm9pY2VfYXR0ZW1wdHMiOjJ9:1uGeKB:N_H6vfrzyhknIIzkkkCReAasM8e90tt9zC3odwyy66Q', '2025-06-01 13:45:07.165897'),
('kx0skjfzxev4vic4rl27kawqc26cy2zh', '.eJxVjsEOwiAQRP-FsyFAK9AevfsNZJddLGpaA60X47_bml56nJk3k_mIV-Hw5pJTZgpL5SJ6bU8iwDIPfx0yiV5oKw4mQnzwuCV0h_E2yTiNc8koN0TuaZXXifh52dnDwAB1WNvJoNP6rIxXBA6RDZNVGhtLHRE36Fv0ybNyFCGqBMY77lTXIrgmra--PwKAQOE:1uGdw9:u2BLrxLP_4sa00KO4LPJkvh2-RzJx4bVyV20v-3UKxw', '2025-06-01 13:20:17.689234'),
('ofyzbc6408xc4sm2qhj7rdsvd2kv4a5g', '.eJxVjM0OgjAQhN9lz6bZ_iAtR-8-Q7Ntt1I1QAp4Mb67YrhwnG--mTdMlf2La8mFk19nrtCZE3hal_4ffUnQgYEDCxQfPGxFutNwG0Uch6WWIDZF7O0srmPi52V3Dwc9zf22lpiRG43UWhM1KmuJz4qTlj_iYtBtktG5VlPOWaGVTjVo0DipDQcFny-Crz77:1uGK1k:C-TcEhG69sqszTTzFAEBcBYoiYux7xJEH4cVddkG3AA', '2025-05-31 16:04:44.543325'),
('r0no329dth4q5nffeo3ge7wjk3yoekue', 'eyJwcmVfdmVyaWZpZWRfdXNlciI6OSwidm9pY2VfYXR0ZW1wdHMiOjF9:1uGeCJ:W0gWcP5u0LSYPr-bLMKOMGEKbr2XaUfSUqY2fxcqvII', '2025-06-01 13:36:59.188250'),
('smmy426axd8yn1tduxkwps173m1wfx05', '.eJyrViooSo0vSy3KTMtMTYkvLU4tUrIyNNFRKsvPTMYiUQsAyFcR3g:1uGexl:GE6SOuAZaD0s3Cco1xBmHQOi5B8aHArkIEwu9bCLqp4', '2025-06-01 14:26:01.798392'),
('sp3hxp1r5o80emaxyfp7mwtjkiww0e2w', '.eJxVjMsOwiAQRf-FtSED8nTpvt9AGAakaiAp7cr479qkC93ec859sRC3tYZt5CXMxC5MstPvhjE9ctsB3WO7dZ56W5cZ-a7wgw4-dcrP6-H-HdQ46rc2WpHIAFaiNs4XZ01BsL6gQi0tySRsNuDPSMISIIiijEeXiVRyUbH3B8vMN64:1udsni:Esbfme54i7wbKUZkdcIotqxrlO72MxaaqcmJsVt9YsU', '2025-08-04 15:51:38.462685'),
('uf7mccq0ytumhqfqfjnqzsl04j8nyc1u', '.eJyrViooSo0vSy3KTMtMTYkvLU4tUrIyNNFRKsvPTMYiUQsAyFcR3g:1uGewR:FkzYgXOI7iFVuCF8gPl0mbE80m8V7fB7IXoCEh6j75E', '2025-06-01 14:24:39.266898'),
('uqio71u6u1eamf22g7l8w2pmb4fn3sfv', '.eJxVjMEOwiAQRP9lz4ZApYt49O43ENhdLGpaQ1svxn-3Nb30OG_ezAdeVcJbaslFOMyjVDgbfYAQ56n751AYzmA07GCK9JB-bfge-9ugaOinWpJaFbW1o7oOLM_L5u4Oujh2y9oedY62MY4jkc_svXWoEdGTbU-2WYAjJy1mj9Y7rdFZ54VTanJryMD3B8qFP1w:1uGeW5:3amBqY8oDmpLLlEYfPSp78CwjutoSXeWg5c9yZtZI4M', '2025-06-01 13:57:25.063617'),
('v4tdhirh4ez6jsa4x1jegkhoqxq1eb1c', '.eJxVjEEOgjAQRe_StWloO0CHpXvP0HTaqVQNkAJujHcXDAvd_vf-ewnn16V368zF5Sg6oYw4_Y7kw52HncSbH66jDOOwlExyV-RBZ3kZIz_Oh_sX6P3cb2_wRASgGou2opZjXSEq4zX7gCoR1WAsmErXDUZLKek2GgwcWAMCN1t0KuyeXHLKHL9t0Snz_gBvkEAy:1uGhI7:iCpv8nUbfa4Bzt9x7ebqUqlNhbpFYooFj5z4cxKhOQk', '2025-06-01 16:55:11.561688'),
('v6f7olrt7ax78c2o2ihxmbrq931rvlfp', '.eJxVjMEOgjAQRP9lz6YB1m6Bo3e_odl2F6kaIAW8GP9dMVw4zrw384Ypq39pTl1S8eusGdrmBJ7Xpf9HnwRaaODQBY4PHTYgdx5uo4njsOQUzKaYnc7mOoo-L7t7OOh57n_riGJt6aKIdSREUZEx1uey1rJiESZLlRJiYGINURSpCwWGwrnaagOfL7O7QIw:1uGeLY:5oa2MKpKXjHs9N-R-Cvdd1wVFBk5aQ6fAJur0LwfPh4', '2025-06-01 13:46:32.652778'),
('vrxi5u0buffui7rpokdjtb35d0munv5c', '.eJxVjMsOwiAQRf-FtSFSymNcuu83kIFhpGogKe3K-O_apAvd3nPOfYmA21rC1vMSZhIXocTpd4uYHrnugO5Yb02mVtdljnJX5EG7nBrl5_Vw_w4K9vKtNTmITsFAkZkBDCRvPEFE5wccyWU_Aitkz5xRazLWWs0JrWc36rN4fwD6nThs:1uZJtd:HhKRlEyLox2RWmNBSRAK6VXkHWqFWH6dbO6ZTbWCrsQ', '2025-07-23 01:46:53.410200'),
('w7i1pqqn4t8iry3h4s8amumqwdmp7w1l', '.eJxVjMEOwiAQRP-FsyGwlFZ69O43ENjdWtS0Blovxn-Xml56m5k3Mx_xyuzfnNOQmPxaOItew0n4sC7j3_tEohcaxCGMAR88bYTuYbrNEudpySnKrSJ3WuR1Jn5e9u7hYAxlrGsMpm3Zau3IqA4BOGDncFBDq6oggxCr7Mg2xlkgY1Rj49kpXblFEN8f4bU_hw:1uGf5o:WC9s9_XlgDypG2z_eIYvB1FywDiJYCeUxybacgDkKrI', '2025-06-01 14:34:20.269150'),
('zdb1vkxgfz9ix3ibm76xwzod38p0lksv', '.eJxVjM0OgjAQhN9lz6bZ_iAtR-8-Q7Ntt1I1QAp4Mb67YrhwnG--mTdMlf2La8mFk19nrtCZE3hal_4ffUnQgYEDCxQfPGxFutNwG0Uch6WWIDZF7O0srmPi52V3Dwc9zf22lpiRG43UWhM1KmuJz4qTlj_iYtBtktG5VlPOWaGVTjVo0DipDQcFny-Crz77:1uGdqy:Yew7oN3onVC4psKW3XyFlP-_VYq1DmRVBDZRF0J5e9w', '2025-06-01 13:14:56.586767'),
('zsxzi7no61tlqzk19dl0u0m4prs0culc', 'eyJwcmVfdmVyaWZpZWRfdXNlciI6Mn0:1u9LIW:tNK3lv6WxeLvD0KjI5PO83L-N-UdQFg-tT_Cgf3Q4n0', '2025-05-12 10:01:12.977551');

--
-- Indexes for dumped tables
--

--
-- Indexes for table `accounts_augmentedface`
--
ALTER TABLE `accounts_augmentedface`
  ADD PRIMARY KEY (`id`),
  ADD KEY `accounts_augmentedfa_user_face_id_59170f8f_fk_accounts_` (`user_face_id`);

--
-- Indexes for table `accounts_facetestimage`
--
ALTER TABLE `accounts_facetestimage`
  ADD PRIMARY KEY (`id`),
  ADD KEY `accounts_facetestimage_user_id_cc4ba849_fk_accounts_user_id` (`user_id`);

--
-- Indexes for table `accounts_guru`
--
ALTER TABLE `accounts_guru`
  ADD PRIMARY KEY (`user_id`);

--
-- Indexes for table `accounts_hasilujian`
--
ALTER TABLE `accounts_hasilujian`
  ADD PRIMARY KEY (`id`),
  ADD UNIQUE KEY `accounts_hasilujian_siswa_id_ujian_id_9ab8fcdd_uniq` (`siswa_id`,`ujian_id`),
  ADD KEY `accounts_hasilujian_ujian_id_b14b1174_fk_accounts_ujian_id` (`ujian_id`);

--
-- Indexes for table `accounts_jawabansiswa`
--
ALTER TABLE `accounts_jawabansiswa`
  ADD PRIMARY KEY (`id`),
  ADD UNIQUE KEY `accounts_jawabansiswa_siswa_id_soal_id_35107658_uniq` (`siswa_id`,`soal_id`),
  ADD KEY `accounts_jawabansiswa_soal_id_75113708_fk_accounts_soal_id` (`soal_id`);

--
-- Indexes for table `accounts_kelas`
--
ALTER TABLE `accounts_kelas`
  ADD PRIMARY KEY (`id`);

--
-- Indexes for table `accounts_logmasukstudent`
--
ALTER TABLE `accounts_logmasukstudent`
  ADD PRIMARY KEY (`id`),
  ADD KEY `accounts_logmasukstu_siswa_id_12024dfd_fk_accounts_` (`siswa_id`);

--
-- Indexes for table `accounts_proctoringlog`
--
ALTER TABLE `accounts_proctoringlog`
  ADD PRIMARY KEY (`id`),
  ADD KEY `accounts_proctoringlog_siswa_id_e00cb895_fk_accounts_user_id` (`siswa_id`),
  ADD KEY `accounts_proctoringlog_ujian_id_c3bc76d2_fk_accounts_ujian_id` (`ujian_id`);

--
-- Indexes for table `accounts_siswa`
--
ALTER TABLE `accounts_siswa`
  ADD PRIMARY KEY (`user_id`),
  ADD KEY `accounts_siswa_kelas_id_1e3b50e5_fk_accounts_kelas_id` (`kelas_id`);

--
-- Indexes for table `accounts_soal`
--
ALTER TABLE `accounts_soal`
  ADD PRIMARY KEY (`id`),
  ADD KEY `accounts_soal_ujian_id_b5e0813a_fk_accounts_ujian_id` (`ujian_id`);

--
-- Indexes for table `accounts_testimage`
--
ALTER TABLE `accounts_testimage`
  ADD PRIMARY KEY (`id`),
  ADD KEY `accounts_testimage_user_id_3a391d58_fk_accounts_user_id` (`user_id`);

--
-- Indexes for table `accounts_ujian`
--
ALTER TABLE `accounts_ujian`
  ADD PRIMARY KEY (`id`),
  ADD UNIQUE KEY `code` (`code`),
  ADD KEY `accounts_ujian_guru_id_d73e2f16_fk_accounts_user_id` (`guru_id`);

--
-- Indexes for table `accounts_user`
--
ALTER TABLE `accounts_user`
  ADD PRIMARY KEY (`id`),
  ADD UNIQUE KEY `username` (`username`);

--
-- Indexes for table `accounts_userface`
--
ALTER TABLE `accounts_userface`
  ADD PRIMARY KEY (`id`),
  ADD UNIQUE KEY `user_id` (`user_id`);

--
-- Indexes for table `accounts_user_groups`
--
ALTER TABLE `accounts_user_groups`
  ADD PRIMARY KEY (`id`),
  ADD UNIQUE KEY `accounts_user_groups_user_id_group_id_59c0b32f_uniq` (`user_id`,`group_id`),
  ADD KEY `accounts_user_groups_group_id_bd11a704_fk_auth_group_id` (`group_id`);

--
-- Indexes for table `accounts_user_user_permissions`
--
ALTER TABLE `accounts_user_user_permissions`
  ADD PRIMARY KEY (`id`),
  ADD UNIQUE KEY `accounts_user_user_permi_user_id_permission_id_2ab516c2_uniq` (`user_id`,`permission_id`),
  ADD KEY `accounts_user_user_p_permission_id_113bb443_fk_auth_perm` (`permission_id`);

--
-- Indexes for table `accounts_voicedata`
--
ALTER TABLE `accounts_voicedata`
  ADD PRIMARY KEY (`id`),
  ADD UNIQUE KEY `user_id` (`user_id`);

--
-- Indexes for table `accounts_voicesample`
--
ALTER TABLE `accounts_voicesample`
  ADD PRIMARY KEY (`id`),
  ADD KEY `accounts_voicesample_user_id_8ba3cb85_fk_accounts_user_id` (`user_id`);

--
-- Indexes for table `auth_group`
--
ALTER TABLE `auth_group`
  ADD PRIMARY KEY (`id`),
  ADD UNIQUE KEY `name` (`name`);

--
-- Indexes for table `auth_group_permissions`
--
ALTER TABLE `auth_group_permissions`
  ADD PRIMARY KEY (`id`),
  ADD UNIQUE KEY `auth_group_permissions_group_id_permission_id_0cd325b0_uniq` (`group_id`,`permission_id`),
  ADD KEY `auth_group_permissio_permission_id_84c5c92e_fk_auth_perm` (`permission_id`);

--
-- Indexes for table `auth_permission`
--
ALTER TABLE `auth_permission`
  ADD PRIMARY KEY (`id`),
  ADD UNIQUE KEY `auth_permission_content_type_id_codename_01ab375a_uniq` (`content_type_id`,`codename`);

--
-- Indexes for table `django_admin_log`
--
ALTER TABLE `django_admin_log`
  ADD PRIMARY KEY (`id`),
  ADD KEY `django_admin_log_content_type_id_c4bce8eb_fk_django_co` (`content_type_id`),
  ADD KEY `django_admin_log_user_id_c564eba6_fk_accounts_user_id` (`user_id`);

--
-- Indexes for table `django_content_type`
--
ALTER TABLE `django_content_type`
  ADD PRIMARY KEY (`id`),
  ADD UNIQUE KEY `django_content_type_app_label_model_76bd3d3b_uniq` (`app_label`,`model`);

--
-- Indexes for table `django_migrations`
--
ALTER TABLE `django_migrations`
  ADD PRIMARY KEY (`id`);

--
-- Indexes for table `django_session`
--
ALTER TABLE `django_session`
  ADD PRIMARY KEY (`session_key`),
  ADD KEY `django_session_expire_date_a5c62663` (`expire_date`);

--
-- AUTO_INCREMENT for dumped tables
--

--
-- AUTO_INCREMENT for table `accounts_augmentedface`
--
ALTER TABLE `accounts_augmentedface`
  MODIFY `id` bigint(20) NOT NULL AUTO_INCREMENT;

--
-- AUTO_INCREMENT for table `accounts_facetestimage`
--
ALTER TABLE `accounts_facetestimage`
  MODIFY `id` bigint(20) NOT NULL AUTO_INCREMENT, AUTO_INCREMENT=24;

--
-- AUTO_INCREMENT for table `accounts_hasilujian`
--
ALTER TABLE `accounts_hasilujian`
  MODIFY `id` bigint(20) NOT NULL AUTO_INCREMENT, AUTO_INCREMENT=15;

--
-- AUTO_INCREMENT for table `accounts_jawabansiswa`
--
ALTER TABLE `accounts_jawabansiswa`
  MODIFY `id` bigint(20) NOT NULL AUTO_INCREMENT, AUTO_INCREMENT=18;

--
-- AUTO_INCREMENT for table `accounts_kelas`
--
ALTER TABLE `accounts_kelas`
  MODIFY `id` bigint(20) NOT NULL AUTO_INCREMENT, AUTO_INCREMENT=2;

--
-- AUTO_INCREMENT for table `accounts_logmasukstudent`
--
ALTER TABLE `accounts_logmasukstudent`
  MODIFY `id` bigint(20) NOT NULL AUTO_INCREMENT;

--
-- AUTO_INCREMENT for table `accounts_proctoringlog`
--
ALTER TABLE `accounts_proctoringlog`
  MODIFY `id` bigint(20) NOT NULL AUTO_INCREMENT;

--
-- AUTO_INCREMENT for table `accounts_soal`
--
ALTER TABLE `accounts_soal`
  MODIFY `id` bigint(20) NOT NULL AUTO_INCREMENT, AUTO_INCREMENT=41;

--
-- AUTO_INCREMENT for table `accounts_testimage`
--
ALTER TABLE `accounts_testimage`
  MODIFY `id` bigint(20) NOT NULL AUTO_INCREMENT;

--
-- AUTO_INCREMENT for table `accounts_ujian`
--
ALTER TABLE `accounts_ujian`
  MODIFY `id` bigint(20) NOT NULL AUTO_INCREMENT, AUTO_INCREMENT=18;

--
-- AUTO_INCREMENT for table `accounts_user`
--
ALTER TABLE `accounts_user`
  MODIFY `id` bigint(20) NOT NULL AUTO_INCREMENT, AUTO_INCREMENT=17;

--
-- AUTO_INCREMENT for table `accounts_userface`
--
ALTER TABLE `accounts_userface`
  MODIFY `id` bigint(20) NOT NULL AUTO_INCREMENT, AUTO_INCREMENT=43;

--
-- AUTO_INCREMENT for table `accounts_user_groups`
--
ALTER TABLE `accounts_user_groups`
  MODIFY `id` bigint(20) NOT NULL AUTO_INCREMENT;

--
-- AUTO_INCREMENT for table `accounts_user_user_permissions`
--
ALTER TABLE `accounts_user_user_permissions`
  MODIFY `id` bigint(20) NOT NULL AUTO_INCREMENT;

--
-- AUTO_INCREMENT for table `accounts_voicedata`
--
ALTER TABLE `accounts_voicedata`
  MODIFY `id` bigint(20) NOT NULL AUTO_INCREMENT, AUTO_INCREMENT=74;

--
-- AUTO_INCREMENT for table `accounts_voicesample`
--
ALTER TABLE `accounts_voicesample`
  MODIFY `id` bigint(20) NOT NULL AUTO_INCREMENT, AUTO_INCREMENT=407;

--
-- AUTO_INCREMENT for table `auth_group`
--
ALTER TABLE `auth_group`
  MODIFY `id` int(11) NOT NULL AUTO_INCREMENT;

--
-- AUTO_INCREMENT for table `auth_group_permissions`
--
ALTER TABLE `auth_group_permissions`
  MODIFY `id` bigint(20) NOT NULL AUTO_INCREMENT;

--
-- AUTO_INCREMENT for table `auth_permission`
--
ALTER TABLE `auth_permission`
  MODIFY `id` int(11) NOT NULL AUTO_INCREMENT, AUTO_INCREMENT=89;

--
-- AUTO_INCREMENT for table `django_admin_log`
--
ALTER TABLE `django_admin_log`
  MODIFY `id` int(11) NOT NULL AUTO_INCREMENT;

--
-- AUTO_INCREMENT for table `django_content_type`
--
ALTER TABLE `django_content_type`
  MODIFY `id` int(11) NOT NULL AUTO_INCREMENT, AUTO_INCREMENT=23;

--
-- AUTO_INCREMENT for table `django_migrations`
--
ALTER TABLE `django_migrations`
  MODIFY `id` bigint(20) NOT NULL AUTO_INCREMENT, AUTO_INCREMENT=39;

--
-- Constraints for dumped tables
--

--
-- Constraints for table `accounts_augmentedface`
--
ALTER TABLE `accounts_augmentedface`
  ADD CONSTRAINT `accounts_augmentedfa_user_face_id_59170f8f_fk_accounts_` FOREIGN KEY (`user_face_id`) REFERENCES `accounts_userface` (`id`);

--
-- Constraints for table `accounts_facetestimage`
--
ALTER TABLE `accounts_facetestimage`
  ADD CONSTRAINT `accounts_facetestimage_user_id_cc4ba849_fk_accounts_user_id` FOREIGN KEY (`user_id`) REFERENCES `accounts_user` (`id`);

--
-- Constraints for table `accounts_guru`
--
ALTER TABLE `accounts_guru`
  ADD CONSTRAINT `accounts_guru_user_id_6b614854_fk_accounts_user_id` FOREIGN KEY (`user_id`) REFERENCES `accounts_user` (`id`);

--
-- Constraints for table `accounts_hasilujian`
--
ALTER TABLE `accounts_hasilujian`
  ADD CONSTRAINT `accounts_hasilujian_siswa_id_dd019140_fk_accounts_user_id` FOREIGN KEY (`siswa_id`) REFERENCES `accounts_user` (`id`),
  ADD CONSTRAINT `accounts_hasilujian_ujian_id_b14b1174_fk_accounts_ujian_id` FOREIGN KEY (`ujian_id`) REFERENCES `accounts_ujian` (`id`);

--
-- Constraints for table `accounts_jawabansiswa`
--
ALTER TABLE `accounts_jawabansiswa`
  ADD CONSTRAINT `accounts_jawabansiswa_siswa_id_9907fabd_fk_accounts_user_id` FOREIGN KEY (`siswa_id`) REFERENCES `accounts_user` (`id`),
  ADD CONSTRAINT `accounts_jawabansiswa_soal_id_75113708_fk_accounts_soal_id` FOREIGN KEY (`soal_id`) REFERENCES `accounts_soal` (`id`);

--
-- Constraints for table `accounts_logmasukstudent`
--
ALTER TABLE `accounts_logmasukstudent`
  ADD CONSTRAINT `accounts_logmasukstu_siswa_id_12024dfd_fk_accounts_` FOREIGN KEY (`siswa_id`) REFERENCES `accounts_siswa` (`user_id`);

--
-- Constraints for table `accounts_proctoringlog`
--
ALTER TABLE `accounts_proctoringlog`
  ADD CONSTRAINT `accounts_proctoringlog_siswa_id_e00cb895_fk_accounts_user_id` FOREIGN KEY (`siswa_id`) REFERENCES `accounts_user` (`id`),
  ADD CONSTRAINT `accounts_proctoringlog_ujian_id_c3bc76d2_fk_accounts_ujian_id` FOREIGN KEY (`ujian_id`) REFERENCES `accounts_ujian` (`id`);

--
-- Constraints for table `accounts_siswa`
--
ALTER TABLE `accounts_siswa`
  ADD CONSTRAINT `accounts_siswa_kelas_id_1e3b50e5_fk_accounts_kelas_id` FOREIGN KEY (`kelas_id`) REFERENCES `accounts_kelas` (`id`),
  ADD CONSTRAINT `accounts_siswa_user_id_02af8760_fk_accounts_user_id` FOREIGN KEY (`user_id`) REFERENCES `accounts_user` (`id`);

--
-- Constraints for table `accounts_soal`
--
ALTER TABLE `accounts_soal`
  ADD CONSTRAINT `accounts_soal_ujian_id_b5e0813a_fk_accounts_ujian_id` FOREIGN KEY (`ujian_id`) REFERENCES `accounts_ujian` (`id`);

--
-- Constraints for table `accounts_testimage`
--
ALTER TABLE `accounts_testimage`
  ADD CONSTRAINT `accounts_testimage_user_id_3a391d58_fk_accounts_user_id` FOREIGN KEY (`user_id`) REFERENCES `accounts_user` (`id`);

--
-- Constraints for table `accounts_ujian`
--
ALTER TABLE `accounts_ujian`
  ADD CONSTRAINT `accounts_ujian_guru_id_d73e2f16_fk_accounts_user_id` FOREIGN KEY (`guru_id`) REFERENCES `accounts_user` (`id`);

--
-- Constraints for table `accounts_userface`
--
ALTER TABLE `accounts_userface`
  ADD CONSTRAINT `accounts_userface_user_id_368c9127_fk_accounts_user_id` FOREIGN KEY (`user_id`) REFERENCES `accounts_user` (`id`);

--
-- Constraints for table `accounts_user_groups`
--
ALTER TABLE `accounts_user_groups`
  ADD CONSTRAINT `accounts_user_groups_group_id_bd11a704_fk_auth_group_id` FOREIGN KEY (`group_id`) REFERENCES `auth_group` (`id`),
  ADD CONSTRAINT `accounts_user_groups_user_id_52b62117_fk_accounts_user_id` FOREIGN KEY (`user_id`) REFERENCES `accounts_user` (`id`);

--
-- Constraints for table `accounts_user_user_permissions`
--
ALTER TABLE `accounts_user_user_permissions`
  ADD CONSTRAINT `accounts_user_user_p_permission_id_113bb443_fk_auth_perm` FOREIGN KEY (`permission_id`) REFERENCES `auth_permission` (`id`),
  ADD CONSTRAINT `accounts_user_user_p_user_id_e4f0a161_fk_accounts_` FOREIGN KEY (`user_id`) REFERENCES `accounts_user` (`id`);

--
-- Constraints for table `accounts_voicedata`
--
ALTER TABLE `accounts_voicedata`
  ADD CONSTRAINT `accounts_voicedata_user_id_24891de3_fk_accounts_user_id` FOREIGN KEY (`user_id`) REFERENCES `accounts_user` (`id`);

--
-- Constraints for table `accounts_voicesample`
--
ALTER TABLE `accounts_voicesample`
  ADD CONSTRAINT `accounts_voicesample_user_id_8ba3cb85_fk_accounts_user_id` FOREIGN KEY (`user_id`) REFERENCES `accounts_user` (`id`);

--
-- Constraints for table `auth_group_permissions`
--
ALTER TABLE `auth_group_permissions`
  ADD CONSTRAINT `auth_group_permissio_permission_id_84c5c92e_fk_auth_perm` FOREIGN KEY (`permission_id`) REFERENCES `auth_permission` (`id`),
  ADD CONSTRAINT `auth_group_permissions_group_id_b120cbf9_fk_auth_group_id` FOREIGN KEY (`group_id`) REFERENCES `auth_group` (`id`);

--
-- Constraints for table `auth_permission`
--
ALTER TABLE `auth_permission`
  ADD CONSTRAINT `auth_permission_content_type_id_2f476e4b_fk_django_co` FOREIGN KEY (`content_type_id`) REFERENCES `django_content_type` (`id`);

--
-- Constraints for table `django_admin_log`
--
ALTER TABLE `django_admin_log`
  ADD CONSTRAINT `django_admin_log_content_type_id_c4bce8eb_fk_django_co` FOREIGN KEY (`content_type_id`) REFERENCES `django_content_type` (`id`),
  ADD CONSTRAINT `django_admin_log_user_id_c564eba6_fk_accounts_user_id` FOREIGN KEY (`user_id`) REFERENCES `accounts_user` (`id`);
COMMIT;

/*!40101 SET CHARACTER_SET_CLIENT=@OLD_CHARACTER_SET_CLIENT */;
/*!40101 SET CHARACTER_SET_RESULTS=@OLD_CHARACTER_SET_RESULTS */;
/*!40101 SET COLLATION_CONNECTION=@OLD_COLLATION_CONNECTION */;
